VARI,NOME,DESDE,TAM,F,CATEG,quesito,categorias,categorias_dict
V1,IDENTIFICAÇÃO,1,10,N,,IDENTIFICAÇÃO,,
V151,"REGIÃO GEOGRAFICA
1- REGIÃO I – RJ
2- REGIÃO II – SP
3- REGIÃO III – PR, SC e RS
4- REGIÃO IV – MG e ES
5- REGIÃO V - MA, PI, CE, N, PR, AL, SE e BA
6- REGIÃO VI – DF
7- REGIÃO VII - RO, AC, AM, RR, PA, MT e GO",1,1,N,7.0,REGIÃO GEOGRAFICA,"1- REGIÃO I – RJ
2- REGIÃO II – SP
3- REGIÃO III – PR, SC e RS
4- REGIÃO IV – MG e ES
5- REGIÃO V - MA, PI, CE, N, PR, AL, SE e BA
6- REGIÃO VI – DF
7- REGIÃO VII - RO, AC, AM, RR, PA, MT e GO","{1: 'REGIÃO I – RJ', 2: 'REGIÃO II – SP', 3: 'REGIÃO III – PR, SC e RS', 4: 'REGIÃO IV – MG e ES', 5: 'REGIÃO V – MA, PI, CE, N, PR, AL, SE e BA', 6: 'REGIÃO VI – DF', 7: 'REGIÃO VII – RO, AC, AM, RR, PA, MT e GO'}"
V10,"UNIDADE DA FEDERAÇÃO
VER VARIAVEIS AUXILIARES",1,2,N,25.0,UNIDADE DA FEDERAÇÃO,VER VARIAVEIS AUXILIARES,"{'11': 'RIO DE JANEIRO', '21': 'SÃO PAULO', '31': 'PARANÁ', '32': 'SANTA CATARINA', '33': 'RIO GRANDE DO SUL', '41': 'MINAS GERAIS', '43': 'ESPÍRITO SANTO', '51': 'MARANHÃO', '52': 'PIAUÍ', '53': 'CEARÁ', '54': 'RIO GRANDE DO NORTE', '55': 'PARAÍBA', '56': 'PERNAMBUCO', '57': 'ALAGOAS', '58': 'SERGIPE', '59': 'BAHIA', '61': 'DISTRITO FEDERAL', '71': 'RONDÔNIA', '72': 'ACRE', '73': 'AMAZONAS', '74': 'RORAIMA', '75': 'PARÁ', '76': 'AMAPÁ', '77': 'MATO GROSSO', '78': 'GOIÁS'}"
V1971,"TIPO DE AREA
1- AREA METROPOLITANA
2- AUTO REPRESENTATIVA
3- NÃO AUTO REPRESENTATIVA",11,1,N,3.0,TIPO DE AREA,"1- AREA METROPOLITANA
2- AUTO REPRESENTATIVA
3- NÃO AUTO REPRESENTATIVA","{1: 'AREA METROPOLITANA', 2: 'AUTO REPRESENTATIVA', 3: 'NÃO AUTO REPRESENTATIVA'}"
V2,"TIPO DE REGISTRO
1- TIPO DOMICILIO
2- TIPO PESSOA",12,1,N,2.0,TIPO DE REGISTRO,"1- TIPO DOMICILIO
2- TIPO PESSOA","{1: 'TIPO DOMICILIO', 2: 'TIPO PESSOA'}"
V1152,"SITUAÇÃO DO DOMICÍLIO
1- URBANO
2- RURAL",13,1,N,2.0,SITUAÇÃO DO DOMICÍLIO,"1- URBANO
2- RURAL","{1: 'URBANO', 2: 'RURAL'}"
V1105,TOTAL DE PESSOAS,14,2,N,,TOTAL DE PESSOAS,,
V1106,TOTAL DE PESSOAS COM MAIS DE 10 ANOS,16,2,N,,TOTAL DE PESSOAS COM MAIS DE 10 ANOS,,
V1107,"ESPÉCIE DE DOMICILIO
 - NÃO APLICAVEL
1- PARTICULAR
2- COLETIVO",18,1,N,3.0,ESPÉCIE DE DOMICILIO," - NÃO APLICAVEL
1- PARTICULAR
2- COLETIVO","{1: 'PARTICULAR', 2: 'COLETIVO', '': 'NÃO APLICAVEL'}"
V1108,"ENERGIA ELETRICA FORNECIDA
 - NÃO APLICAVEL
1- USA COM MEDIDOR PARTICULAR
2- USA COM MEDIDOR COLETIVO
3- USA SEM MEDIDOR
9- SEM DECLARAÇÃO",19,1,N,5.0,ENERGIA ELETRICA FORNECIDA," - NÃO APLICAVEL
1- USA COM MEDIDOR PARTICULAR
2- USA COM MEDIDOR COLETIVO
3- USA SEM MEDIDOR
9- SEM DECLARAÇÃO","{1: 'USA COM MEDIDOR PARTICULAR', 2: 'USA COM MEDIDOR COLETIVO', 3: 'USA SEM MEDIDOR', 9: 'SEM DECLARAÇÃO', '': 'NÃO APLICAVEL'}"
V1109,ENERGIA ELETRICA CONSUMIDA EM KWh,20,4,N,,ENERGIA ELETRICA CONSUMIDA EM KWh,,
V1129,ENERGIA ELETRICA CONSUMIDA EM Cr$,24,4,N,,ENERGIA ELETRICA CONSUMIDA EM Cr$,,
V1110,CONSUMO MENSAL DE GAS ENCANADO EM M3,28,4,N,,CONSUMO MENSAL DE GAS ENCANADO EM M3,,
V1130,CONSUMO MENSAL DE GAS ENCANADO EM Cr$,32,4,N,,CONSUMO MENSAL DE GAS ENCANADO EM Cr$,,
V1111,GAS ENGARRAFADO CONSUMIDO TRIMESTRALMENTE EM BOTIJÃO PEQUENO,36,2,N,,GAS ENGARRAFADO CONSUMIDO TRIMESTRALMENTE EM BOTIJÃO PEQUENO,,
V1131,GAS ENGARRAFADO CONSUMIDO TRIMESTRALMENTE EM BOTIJÃO GRANDE,38,2,N,,GAS ENGARRAFADO CONSUMIDO TRIMESTRALMENTE EM BOTIJÃO GRANDE,,
V1112,CONSUMO MENSAL DE LENHA,40,4,N,,CONSUMO MENSAL DE LENHA,,
V1132,CONSUMO MENSAL DE CARVÃO,44,4,N,,CONSUMO MENSAL DE CARVÃO,,
V1133,CONSUMO MENSAL DE QUEROSENE,48,4,N,,CONSUMO MENSAL DE QUEROSENE,,
V1113,CONSUMO SEMANAL DOS VEICULOS A GASOLINA DE USO PARTICULAR,52,4,N,,CONSUMO SEMANAL DOS VEICULOS A GASOLINA DE USO PARTICULAR,,
V1143,NÚMERO DE VEICULOS DE USO PARTICULAR,56,2,N,,NÚMERO DE VEICULOS DE USO PARTICULAR,,
V1114,CONSUMO SEMANAL DOS VEICULOS A GASOLINA DE USO PROFISSIONAL,58,4,N,,CONSUMO SEMANAL DOS VEICULOS A GASOLINA DE USO PROFISSIONAL,,
V1144,NÚMERO DE VEICULOS DE USO PROFISSIONAL,62,2,N,,NÚMERO DE VEICULOS DE USO PROFISSIONAL,,
V1540,"NUMERO DE MORADORES DO DOMICILIO COM PENSIONISTA E OU EMPREGADO
 - NÃO APLICAVEL
1- 1 MORADOR
2- 2 MORADORES
3- 3 MORADORES
4- 4 MORADORES
5- 5 MORADORES
6- 6 MORADORES
7- 7 MORADORES
8- MAIS DE 8 MORADORES",64,1,N,9.0,NUMERO DE MORADORES DO DOMICILIO COM PENSIONISTA E OU EMPREGADO," - NÃO APLICAVEL
1- 1 MORADOR
2- 2 MORADORES
3- 3 MORADORES
4- 4 MORADORES
5- 5 MORADORES
6- 6 MORADORES
7- 7 MORADORES
8- MAIS DE 8 MORADORES","{1: '1 MORADOR', 2: '2 MORADORES', 3: '3 MORADORES', 4: '4 MORADORES', 5: '5 MORADORES', 6: '6 MORADORES', 7: '7 MORADORES', 8: 'MAIS DE 8 MORADORES', '': 'NÃO APLICAVEL'}"
V1541,"NUMERO DE MORADORES DO DOMICILIO SEM PENSIONISTA E OU EMPREGADO
 - NÃO APLICAVEL
1- 1 MORADOR
2- 2 MORADORES
3- 3 MORADORES
4- 4 MORADORES
5- 5 MORADORES
6- 6 MORADORES
7- 7 MORADORES
8- MAIS DE 8 MORADORES",65,1,N,9.0,NUMERO DE MORADORES DO DOMICILIO SEM PENSIONISTA E OU EMPREGADO," - NÃO APLICAVEL
1- 1 MORADOR
2- 2 MORADORES
3- 3 MORADORES
4- 4 MORADORES
5- 5 MORADORES
6- 6 MORADORES
7- 7 MORADORES
8- MAIS DE 8 MORADORES","{1: '1 MORADOR', 2: '2 MORADORES', 3: '3 MORADORES', 4: '4 MORADORES', 5: '5 MORADORES', 6: '6 MORADORES', 7: '7 MORADORES', 8: 'MAIS DE 8 MORADORES', '': 'NÃO APLICAVEL'}"
V1542,RENDA MENSAL DOMICILIAR,66,9,N,,RENDA MENSAL DOMICILIAR,,
V1543,"RENDA MENSAL DOMICILIAR CATEGORIZADA
 - NÃO APLICAVEL
1- ATE 1 SALARIO MINIMO
2- DE 1 A 2 SALARIOS MINIMOS
3- DE 2 A 5 SALARIOS MINIMOS
4- DE 5 A 10 SALARIOS MINIMOS
5- DE 10 A 20 SALARIOS MINIMOS
6- MAIS DE 20 SALARIOS MINIMOS
7- SEM RENDIMENTO
8- SEM DECLARAÇÃO",75,1,N,9.0,RENDA MENSAL DOMICILIAR CATEGORIZADA," - NÃO APLICAVEL
1- ATE 1 SALARIO MINIMO
2- DE 1 A 2 SALARIOS MINIMOS
3- DE 2 A 5 SALARIOS MINIMOS
4- DE 5 A 10 SALARIOS MINIMOS
5- DE 10 A 20 SALARIOS MINIMOS
6- MAIS DE 20 SALARIOS MINIMOS
7- SEM RENDIMENTO
8- SEM DECLARAÇÃO","{1: 'ATE 1 SALARIO MINIMO', 2: 'DE 1 A 2 SALARIOS MINIMOS', 3: 'DE 2 A 5 SALARIOS MINIMOS', 4: 'DE 5 A 10 SALARIOS MINIMOS', 5: 'DE 10 A 20 SALARIOS MINIMOS', 6: 'MAIS DE 20 SALARIOS MINIMOS', 7: 'SEM RENDIMENTO', 8: 'SEM DECLARAÇÃO', '': 'NÃO APLICAVEL'}"
V1997,NOVO PESO DO DOMICILIO,76,4,N,,NOVO PESO DO DOMICILIO,,
V2203,"SEXO
1- HOMEM
2- MULHER",13,1,N,2.0,SEXO,"1- HOMEM
2- MULHER","{1: 'HOMEM', 2: 'MULHER'}"
V2204,"CONDIÇÃO DE PRESENCA
1- MORADOR PRESENTE
2- MORADOR AUSENTE
3- NÃO MORADOR PRESENTE",14,1,N,3.0,CONDIÇÃO DE PRESENCA,"1- MORADOR PRESENTE
2- MORADOR AUSENTE
3- NÃO MORADOR PRESENTE","{1: 'MORADOR PRESENTE', 2: 'MORADOR AUSENTE', 3: 'NÃO MORADOR PRESENTE'}"
V2205,"CONDIÇÃO DE PRESENÇA NO DOMICILIO
VER VARIAVEIS AUXILIARES",15,2,N,25.0,CONDIÇÃO DE PRESENÇA NO DOMICILIO,VER VARIAVEIS AUXILIARES,"{'': 'NÃO APLICAVEL', '1': 'CHEFE', '2': 'CONJUGE', '3': 'FILHO OU ENTEADO', '4': 'FILHO ADOTIVO', '5': 'GENRO OU NORA', '6': 'NETO', '7': 'PAIS OU SOGROS', '8': 'AVO', '9': 'IRMÃO', '10': 'CUNHADO', '11': 'PRIMO', '12': 'TIO', '13': 'SOBRINHO', '14': 'AGREGADO', '15': 'PENSIONISTA OU HOSPEDE', '16': 'EMPREGADO DOMESTICO', '17': 'CONJUGE DO EMPREGADO DOMESTICO', '18': 'FILHO DO EMPREGADO DOMESTICO', '19': 'PARENTE DO EMPREGADO DOMESTICO', '20': 'INDIVIDUAL DOMICILIO COLETIVO', '21': 'CHEFE NÃO MORADOR PRESENTE', '22': 'CONJUGE NÃO MORADOR PRESENTE', '23': 'FILHO OU ENTEADO NÃO MORADOR NÃO', '24': 'FILHO ADOTIVO NÃO MORADOR PRESENTE', '25': 'GENRO E NORA NÃO MORADOR PRESENTE', '26': 'NETO NÃO MORADOR PRESENTE', '27': 'PAIS OU SOGROS NÃO MORADORES PRESENTES', '28': 'AVO NÃO MORADOR PRESENTE', '29': 'IRMÃO NÃO MORADOR PRESENTE', '30': 'CUNHADO NÃO MORADOR PRESENTE', '31': 'PRIMO NÃO MORADOR PRESENTE', '32': 'TIO NÃO MORADOR PRESENTE', '33': 'SOBRINHO NÃO MORADOR PRESENTE', '34': 'AGREGADO NÃO MORADOR PRESENTE', '35': 'HOSPEDE OU PENSIONISTA NÃO MORADORES PRESENTES', '36': 'EMPREGADO DOMESTICO NÃO MORADOR PRESENTE', '37': 'CONJUGE DO EMPREGADO DOMESTICO NÃO MORADOR PRESENTE', '38': 'FILHO DO EMPREGADO DOMESTICO NÃO MORADOR PRESENTE', '39': 'OUTRO PARENTE DO EMPREGADO DOMESTICO NÃO MORADOR PRESENTE'}"
V2206,"CONDIÇÃO NA FAMILIA
VER VARIAVEIS AUXILIARES",17,2,N,25.0,CONDIÇÃO NA FAMILIA,VER VARIAVEIS AUXILIARES,"{'': 'NÃO APLICAVEL', '1': 'CHEFE', '2': 'CONJUGE', '3': 'FILHO OU ENTEADO', '4': 'FILHO ADOTIVO', '5': 'GENRO OU NORA', '6': 'NETO', '7': 'PAIS OU SOGROS', '8': 'AVO', '9': 'IRMÃO', '10': 'CUNHADO', '11': 'PRIMO', '12': 'TIO', '13': 'SOBRINHO', '14': 'AGREGADO', '15': 'PENSIONISTA OU HOSPEDE', '16': 'EMPREGADO DOMESTICO', '17': 'CONJUGE DO EMPREGADO DOMESTICO', '18': 'FILHO DO EMPREGADO DOMESTICO', '19': 'PARENTE DO EMPREGADO DOMESTICO', '20': 'INDIVIDUAL DOMICILIO COLETIVO', '21': 'CHEFE NÃO MORADOR PRESENTE', '22': 'CONJUGE NÃO MORADOR PRESENTE', '23': 'FILHO OU ENTEADO NÃO MORADOR NÃO', '24': 'FILHO ADOTIVO NÃO MORADOR PRESENTE', '25': 'GENRO E NORA NÃO MORADOR PRESENTE', '26': 'NETO NÃO MORADOR PRESENTE', '27': 'PAIS OU SOGROS NÃO MORADORES PRESENTES', '28': 'AVO NÃO MORADOR PRESENTE', '29': 'IRMÃO NÃO MORADOR PRESENTE', '30': 'CUNHADO NÃO MORADOR PRESENTE', '31': 'PRIMO NÃO MORADOR PRESENTE', '32': 'TIO NÃO MORADOR PRESENTE', '33': 'SOBRINHO NÃO MORADOR PRESENTE', '34': 'AGREGADO NÃO MORADOR PRESENTE', '35': 'HOSPEDE OU PENSIONISTA NÃO MORADORES PRESENTES', '36': 'EMPREGADO DOMESTICO NÃO MORADOR PRESENTE', '37': 'CONJUGE DO EMPREGADO DOMESTICO NÃO MORADOR PRESENTE', '38': 'FILHO DO EMPREGADO DOMESTICO NÃO MORADOR PRESENTE', '39': 'OUTRO PARENTE DO EMPREGADO DOMESTICO NÃO MORADOR PRESENTE'}"
V2207,"NUMERO DA FAMILIA
0- UNICA
1- PRINCIPAL
2- 1ª SECUNDARIA
3- 2ª SECUNDARIA
4- TODOS OS MEMBROS RESIDENTES
5- CADA COMPONENTE DO GRUPO",19,1,N,6.0,NUMERO DA FAMILIA,"0- UNICA
1- PRINCIPAL
2- 1ª SECUNDARIA
3- 2ª SECUNDARIA
4- TODOS OS MEMBROS RESIDENTES
5- CADA COMPONENTE DO GRUPO","{0: 'UNICA', 1: 'PRINCIPAL', 2: '1ª SECUNDARIA', 3: '2ª SECUNDARIA', 4: 'TODOS OS MEMBROS RESIDENTES', 5: 'CADA COMPONENTE DO GRUPO'}"
V2208,NUMERO DE ORDEM DA MÃE,20,2,N,,NUMERO DE ORDEM DA MÃE,,
V2209,DIA DA DATA DO NASCIMENTO,22,2,N,,DIA DA DATA DO NASCIMENTO,,
V2210,"MÊS DA DATA DO NASCIMENTO
 1- JANEIRO
 2- FEVEREIRO
 3- MARÇO
 4- ABRIL
 5- MAIO
 6- JUNHO
 7- JULHO
 8- AGOSTO
 9- SETEMBRO
10- OUTUBRO
11- NOVEMBRO
12- DEZEMBRO
20- PRESUMIDA
99– IGNORADA",24,2,N,14.0,MÊS DA DATA DO NASCIMENTO," 1- JANEIRO
 2- FEVEREIRO
 3- MARÇO
 4- ABRIL
 5- MAIO
 6- JUNHO
 7- JULHO
 8- AGOSTO
 9- SETEMBRO
10- OUTUBRO
11- NOVEMBRO
12- DEZEMBRO
20- PRESUMIDA
99– IGNORADA","{1: 'JANEIRO', 2: 'FEVEREIRO', 3: 'MARÇO', 4: 'ABRIL', 5: 'MAIO', 6: 'JUNHO', 7: 'JULHO', 8: 'AGOSTO', 9: 'SETEMBRO', 10: 'OUTUBRO', 11: 'NOVEMBRO', 12: 'DEZEMBRO', 20: 'PRESUMIDA', 99: 'IGNORADA'}"
V2211,DATA DO NASCIMENTO,26,3,N,,DATA DO NASCIMENTO,,
V2805,IDADE CALCULADA,29,3,N,,IDADE CALCULADA,,
V2212,"SABE LER E ESCREVER?
 - NÃO APLICAVEL
1- SIM
2- JÁ SOUBE
3- NÃO APRENDEU
9- SEM DECLARAÇÃO",32,1,N,5.0,SABE LER E ESCREVER?," - NÃO APLICAVEL
1- SIM
2- JÁ SOUBE
3- NÃO APRENDEU
9- SEM DECLARAÇÃO","{1: 'SIM', 2: 'JÁ SOUBE', 3: 'NÃO APRENDEU', 9: 'SEM DECLARAÇÃO', '': 'NÃO APLICAVEL'}"
V2213,"SERIE QUE FREQUENTA NA ESCOLA
 - NÃO APLICAVEL
0- OUTROS
1- 1ª SERIE
2- 2ª SERIE
3- 3ª SERIE
4- 4ª SERIE
5- 5ª SERIE
6- 6ª SERIE
7- 7ª SERIE
8- 8ª SERIE
9- SEM DECLARAÇÃO",33,1,N,11.0,SERIE QUE FREQUENTA NA ESCOLA," - NÃO APLICAVEL
0- OUTROS
1- 1ª SERIE
2- 2ª SERIE
3- 3ª SERIE
4- 4ª SERIE
5- 5ª SERIE
6- 6ª SERIE
7- 7ª SERIE
8- 8ª SERIE
9- SEM DECLARAÇÃO","{0: 'OUTROS', 1: '1ª SERIE', 2: '2ª SERIE', 3: '3ª SERIE', 4: '4ª SERIE', 5: '5ª SERIE', 6: '6ª SERIE', 7: '7ª SERIE', 8: '8ª SERIE', 9: 'SEM DECLARAÇÃO', '': 'NÃO APLICAVEL'}"
V2214,"GRAU QUE FREQUENTA NA ESCOLA
  - NÃO APLICAVEL
 0- NÃO FREQUENTA
 1- ELEMENTAR
 2- MEDIO – 1º CICLO
 3- MEDIO – 2º CICLO
 4- 1º GRAU
 5- 2º GRAU
 6- SUPERIOR
 7- C.A. OU PRE-ESCOLAR
 8- ALFABETIZAÇÃO DE ADULTOS
 9- SUPLETIVO 1º GRAU0
10- SUPLETIVO 2º GRAU
11- SUPLETIVO 1º GRAU RADIO/TV
12- SUPLETIVO 2º GRAU RADIO/TV
13- SUPLETIVO SEM ESPECIFICAÇÃO
14- VESTIBULAR
15- DOUTORADO OU MESTRADO
99- SEM DECLARAÇÃO",34,2,N,18.0,GRAU QUE FREQUENTA NA ESCOLA,"  - NÃO APLICAVEL
 0- NÃO FREQUENTA
 1- ELEMENTAR
 2- MEDIO – 1º CICLO
 3- MEDIO – 2º CICLO
 4- 1º GRAU
 5- 2º GRAU
 6- SUPERIOR
 7- C.A. OU PRE-ESCOLAR
 8- ALFABETIZAÇÃO DE ADULTOS
 9- SUPLETIVO 1º GRAU0
10- SUPLETIVO 2º GRAU
11- SUPLETIVO 1º GRAU RADIO/TV
12- SUPLETIVO 2º GRAU RADIO/TV
13- SUPLETIVO SEM ESPECIFICAÇÃO
14- VESTIBULAR
15- DOUTORADO OU MESTRADO
99- SEM DECLARAÇÃO","{0: 'NÃO FREQUENTA', 1: 'ELEMENTAR', 2: 'MEDIO – 1º CICLO', 3: 'MEDIO – 2º CICLO', 4: '1º GRAU', 5: '2º GRAU', 6: 'SUPERIOR', 7: 'C.A. OU PRE–ESCOLAR', 8: 'ALFABETIZAÇÃO DE ADULTOS', 9: 'SUPLETIVO 1º GRAU0', 10: 'SUPLETIVO 2º GRAU', 11: 'SUPLETIVO 1º GRAU RADIO/TV', 12: 'SUPLETIVO 2º GRAU RADIO/TV', 13: 'SUPLETIVO SEM ESPECIFICAÇÃO', 14: 'VESTIBULAR', 15: 'DOUTORADO OU MESTRADO', 99: 'SEM DECLARAÇÃO', '': 'NÃO APLICAVEL'}"
V2215,"ULTIMA SERIE PARA QUEM NÃO FREQUENTA ESCOLA
 - NÃO APLICAVEL
0- NÃO HÁ SÉRIE
1- 1ª SERIE
2- 2ª SERIE
3- 3ª SERIE
4- 4ª SERIE
5- 5ª SERIE
6- 6ª SERIE
7- 7ª SERIE
8- 8ª SERIE
9- SEM DECLARAÇÃO",36,1,N,11.0,ULTIMA SERIE PARA QUEM NÃO FREQUENTA ESCOLA," - NÃO APLICAVEL
0- NÃO HÁ SÉRIE
1- 1ª SERIE
2- 2ª SERIE
3- 3ª SERIE
4- 4ª SERIE
5- 5ª SERIE
6- 6ª SERIE
7- 7ª SERIE
8- 8ª SERIE
9- SEM DECLARAÇÃO","{0: 'NÃO HÁ SÉRIE', 1: '1ª SERIE', 2: '2ª SERIE', 3: '3ª SERIE', 4: '4ª SERIE', 5: '5ª SERIE', 6: '6ª SERIE', 7: '7ª SERIE', 8: '8ª SERIE', 9: 'SEM DECLARAÇÃO', '': 'NÃO APLICAVEL'}"
V2216,"GRAU DA ULTIMA SERIE CONCLUIDA PARA QUEM NÃO FREQUENTA NA ESCOLA
 - NÃO APLICAVEL
0- NÃO HA GRAU
1- ELEMENTAR
2- MEDIO – 1º CICLO
3- MEDIO – 2º CICLO
4- 1º GRAU
5- 2º GRAU
6- SUPERIOR
7- DOUTORADO OU MESTRADO
8- ALFABETIZAÇÃO
9- SEM DECLARAÇÃO",37,1,N,11.0,GRAU DA ULTIMA SERIE CONCLUIDA PARA QUEM NÃO FREQUENTA NA ESCOLA," - NÃO APLICAVEL
0- NÃO HA GRAU
1- ELEMENTAR
2- MEDIO – 1º CICLO
3- MEDIO – 2º CICLO
4- 1º GRAU
5- 2º GRAU
6- SUPERIOR
7- DOUTORADO OU MESTRADO
8- ALFABETIZAÇÃO
9- SEM DECLARAÇÃO","{0: 'NÃO HA GRAU', 1: 'ELEMENTAR', 2: 'MEDIO – 1º CICLO', 3: 'MEDIO – 2º CICLO', 4: '1º GRAU', 5: '2º GRAU', 6: 'SUPERIOR', 7: 'DOUTORADO OU MESTRADO', 8: 'ALFABETIZAÇÃO', 9: 'SEM DECLARAÇÃO', '': 'NÃO APLICAVEL'}"
V2217,"CURSO CONCLUIDO PARA QUEM NÃO FREQUENTA ESCOLA
 - NÃO APLICAVEL
0- NUNCA ESTUDOU OU FREQUENTOU
1- SIM
2- NÃO
9- IGNORADO",38,1,N,5.0,CURSO CONCLUIDO PARA QUEM NÃO FREQUENTA ESCOLA," - NÃO APLICAVEL
0- NUNCA ESTUDOU OU FREQUENTOU
1- SIM
2- NÃO
9- IGNORADO","{0: 'NUNCA ESTUDOU OU FREQUENTOU', 1: 'SIM', 2: 'NÃO', 9: 'IGNORADO', '': 'NÃO APLICAVEL'}"
V2301,"NA SEMANA DE REFERENCIA DA PESQUISA O QUE FEZ PARA RECEBER DINHEIRO
  - NÃO APLICAVEL
 1- TRABALHOU
 2- TINHA TRABALHO MAIS NÃO TRABALHOU
 3- JA TRABALHOU
 4- 1ª VEZ
 5- FUNRURAL
 6- OUTROS
 7- PENSIONISTA
 8- VIVE DE RENDAS
 9- INVALIDEZ OU DOENÇA
10- FREQUENTA ESCOLA
11- AFAZERES DOMESTICOS
12- NÃO QUIS TRABALHAR
13- OUTROS",39,2,N,14.0,NA SEMANA DE REFERENCIA DA PESQUISA O QUE FEZ PARA RECEBER DINHEIRO,"  - NÃO APLICAVEL
 1- TRABALHOU
 2- TINHA TRABALHO MAIS NÃO TRABALHOU
 3- JA TRABALHOU
 4- 1ª VEZ
 5- FUNRURAL
 6- OUTROS
 7- PENSIONISTA
 8- VIVE DE RENDAS
 9- INVALIDEZ OU DOENÇA
10- FREQUENTA ESCOLA
11- AFAZERES DOMESTICOS
12- NÃO QUIS TRABALHAR
13- OUTROS","{1: 'TRABALHOU', 2: 'TINHA TRABALHO MAIS NÃO TRABALHOU', 3: 'JA TRABALHOU', 4: '1ª VEZ', 5: 'FUNRURAL', 6: 'OUTROS', 7: 'PENSIONISTA', 8: 'VIVE DE RENDAS', 9: 'INVALIDEZ OU DOENÇA', 10: 'FREQUENTA ESCOLA', 11: 'AFAZERES DOMESTICOS', 12: 'NÃO QUIS TRABALHAR', 13: 'OUTROS', '': 'NÃO APLICAVEL'}"
V2302,"PROCURA TRABALHO NOS ULTIMOS DOIS MESES
 - NÃO APLICAVEL
1- PROCUROU E CONSEGUIU
2- PROCUROU E NÃO CONSEGUIU
3- NÃO PROCUROU
9- SEM DECLARAÇÃO",41,1,N,5.0,PROCURA TRABALHO NOS ULTIMOS DOIS MESES," - NÃO APLICAVEL
1- PROCUROU E CONSEGUIU
2- PROCUROU E NÃO CONSEGUIU
3- NÃO PROCUROU
9- SEM DECLARAÇÃO","{1: 'PROCUROU E CONSEGUIU', 2: 'PROCUROU E NÃO CONSEGUIU', 3: 'NÃO PROCUROU', 9: 'SEM DECLARAÇÃO', '': 'NÃO APLICAVEL'}"
V2303,"NOS ULTIMOS DOIS MESES CONSEGUIU TRABALHO
 - NÃO APLICAVEL
1- CONSEGUIU NA AGENCIA
2- CONSEGUIU COM EMPREGADOR
3- CONSULTOU PARENTE
4- COLOCOU OU RESPONDEU ANUNCIO
5- RECEBEU PROPOSTA
6- NADA FEZ
7- PREJUDICADO
9- SEM DECLARAÇÃO",42,1,N,9.0,NOS ULTIMOS DOIS MESES CONSEGUIU TRABALHO," - NÃO APLICAVEL
1- CONSEGUIU NA AGENCIA
2- CONSEGUIU COM EMPREGADOR
3- CONSULTOU PARENTE
4- COLOCOU OU RESPONDEU ANUNCIO
5- RECEBEU PROPOSTA
6- NADA FEZ
7- PREJUDICADO
9- SEM DECLARAÇÃO","{1: 'CONSEGUIU NA AGENCIA', 2: 'CONSEGUIU COM EMPREGADOR', 3: 'CONSULTOU PARENTE', 4: 'COLOCOU OU RESPONDEU ANUNCIO', 5: 'RECEBEU PROPOSTA', 6: 'NADA FEZ', 7: 'PREJUDICADO', 9: 'SEM DECLARAÇÃO', '': 'NÃO APLICAVEL'}"
V2304,"OCUPAÇÃO QUE EXERCEU NA MAIOR PARTE DA SEMANA DE REFERENCIA
VER VARIÁVEIS AUXILIARES",43,3,N,292.0,OCUPAÇÃO QUE EXERCEU NA MAIOR PARTE DA SEMANA DE REFERENCIA,VER VARIÁVEIS AUXILIARES,"{'11': 'QUIMICOS', '12': 'FISICOS', '13': 'OUTROS ESPECIALISTAS EM CIENCIAS FISICO–QUIMICA, NÃO ESPECIFICADOS', '21': 'ENGENHEIROS', '22': 'ARQUITETOS E URBANISTAS', '23': 'GEOLOGOS', '25': 'AGRIMENSORRES E TOPÓGRAFOS', '26': 'DESENHISTAS CARTÓGRAFOS', '27': 'OUTRAS OCUPAÇÕES AUXILIARES DA ENGENHARIA', '31': 'AGRONOMOS', '32': 'FARMACOLOGISTAS', '33': 'BIOLOGISTAS', '34': 'OUTRAS OCUPAÇÕES AUXILIARES DE DA AGRONOMIA, BIOLOGIA E FARMACOLOGIA', '41': 'MEDICOS', '42': 'DENTISTAS', '43': 'VETERINARIOS', '44': 'FARMACEUTICOS', '45': 'PARTEIROS DIPLOMADOS', '46': 'ENFERMEIROS DIPLOMADOS', '47': 'OUTROS ESPECIALISTAS EM MEDICINA NÃO ESPECIFICADOS', '51': 'ENFERMEIROS NÃO DIPLOMADOS', '52': 'ORTOPEDISTAS', '53': 'OPTOMETRISTAS', '54': 'MASSAGISTAS', '55': 'PROTETICOS', '56': 'OPERADORES DE RAIOS X', '57': 'FARMACEUTICOS PRATICOS', '58': 'LABORATORISTAS', '59': 'VISITADORES SANITARIOS', '61': 'ESTATISTICOS', '62': 'MATEMATICOS E ATUARIOS', '63': 'ANALISTA DE SISTEMAS', '71': 'ECONOMISTAS', '72': 'CONTADORES', '73': 'TECNICO ADMINISTRATIVO', '74': 'OCUPAÇÕES AUXILIARES DA ESTATISTICA, MATEMATICA, ANALISE DE SISTEMAS,', '81': 'MAGISTRADOS', '82': 'PROCURADOR E PROMOTOR PUBLICO', '83': 'ADVOGADO E DEFENSOR PUBLICO', '84': 'TABELIÃO E OFICIAL DE REGISTRO', '91': 'ESCRIVÃO DE CARTORIO', '92': 'OFICIAL DE JUSTIÇA', '93': 'OUTRAS OCUPAÇÕES DA JUSTIÇA', '101': 'PROFESSOR DE ENSINO SUPERIOR', '102': 'PROFESSOR DE ENSINO DE 2º GRAU', '103': 'PROFESSOR DE ENSINO DE 1º GRAU', '104': 'PROFESSOR DE ENSINO NÃO ESPECIFICADO', '121': 'ESCRITORES E JORNALISTAS', '122': 'PUBLICITARIOS', '131': 'ESCULTORES E PINTORES', '132': 'DECORADORES E CENOGRAFOS', '133': 'FOTOGRAFOS', '141': 'MUSICOS E COMPOSITORES', '142': 'ATORES E CANTORES', '143': 'BAILARINOS E COREOGRAFOS', '144': 'LOCUTOR E COMENTARISTA DE RADIO E TELEVISÃO', '145': 'PRODUTOR E DIRETOR DE ESPETACULO', '146': 'OPERADOR TECNICO DE CINEMA, RADIO E TELEVISÃO', '151': 'RELIGIOSOS', '161': 'ASSISTENTES SOCIAIS', '162': 'SOCIOLOGOS', '163': 'BIBLIOTECARIOS E MUSEOLOGOS', '164': 'OUTRAS OCUPAÇÕES CIENTIFICAS NÃO DISCRIMINADAS', '201': 'AGRICULTORES E PECUARISTAS', '202': 'AVICULTOR E CRIADOR DE PEQUENOS ANIMAIS', '203': 'INDUSTRIAIS', '204': 'COMERCIANTES', '205': 'HOTELEIROS E DONOS DE PENSÃO', '206': 'EMPRESARIOS NOS TRANSPORTES', '207': 'OUTROS EMPRESARIOS', '211': 'MEMBROS DO PODER LEGISLATIVO', '212': 'MINISTROS DE ESTADO, GOVERNADORES, PREFEITOS E ADMINISTRADORES DE', '213': 'MEMBROS DO CORPO DIPLOMATICO', '214': 'DIRETORES E CHEFES DO SERIÇO PUBLICO', '221': 'ADMINISTRADOR E DIRETOR DE EMPRESA AGROPECUARIA, FLORESTAIS, EXTRATIVAS', '222': 'ADMINISTRADOR E DIRETOR DE EMPRESA DE EXTRAÇÃO MINERAL', '223': 'ADMINISTRADOR E DIRETOR DE EMPRESA DE INDUSTRIA DE TRANSFORMAÇÃO', '224': 'ADMINISTRADOR E DIRETOR DE EMPRESA DE CONSTRUÇÃO', '225': 'ADMINISTRADOR E DIRETOR DE EMPRESA DE COMERCIO DE VALORES E COMPANHIA', '226': 'ADMINISTRADOR E DIRETOR DE EMPRESA DE COMERCIO', '227': 'ADMINISTRADOR E DIRETOR DE EMPRESA DE TRANSPORTE E COMUNICAÇÃO', '228': 'ADMINISTRADOR E DIRETOR DE EMPRESA DE SERVIÇO E HOSPEDAGEM', '229': 'OUTROS ADMINISTRADORES E DIRETORES DE EMPRESAS PRIVADAS', '231': 'CHEFE DE SEÇÃO E ENCARREGADO DA ADMINISTRAÇÃO DE EMPRESAS PRIVADAS', '232': 'CHEFE DE SEÇÃO E ENCARREGADO DA CONTABILIDADE E FINANÇA DE EMPRESA', '233': 'CHEFE DE SEÇÃO E ENCARREGADO DO SERVIÇO DE COMPRA E VENDA DE EMPRESAS', '234': 'CHEFE DE SEÇÃO E ENCARREGADO DO SERVIÇO DE PRODUÇÃO E MANUTENÇÃO DE', '235': 'OUTROS CHEFES DE SEÇÃO ENCARREGADOS DE SERVIÇO DE EMPRESAS PRIVADAS', '241': 'AGENTES FISCAIS DE TRIBUTOS E CONTROLADORES DE ARRECADAÇÃO NO SERVIÇO', '242': 'INSPETORES DE TRABALHO E FISCAIS DE PREVIDENCIA', '243': 'ASSISTENTES ADMINISTRATIVOS', '244': 'TESOUREIROS E CAIXAS', '245': 'ALMOXARIFES E ARMAZENISTAS', '246': 'DATILOGRAFOS E TAQUIGRAFOS', '247': 'AUXILIARES DE ESCRITORIO E DE ADMINISTRAÇÃO EM GERAL', '301': 'TRABALHADORES AUTONOMOS DA AGROPECUARIA', '302': 'TECNICOS AGRICOLAS E PRATICOS RURAIS', '303': 'OPERADORES DE EQUIPAMENTOS E IMPLEMENTOS MECANICOS NA AGROPECUARIA', '311': 'CHACACEIROS, HORTELÃOS E FLORICULTORES', '312': 'JARDINEIROS', '313': 'TRABALHADROES DE PECUARIA', '314': 'TRABALHADORES DE CULTURA', '321': 'CAÇADORES', '322': 'PESCADORES', '331': 'MADEIREIROS E LENHADORES', '332': 'CARVOEIROS (FABRICANTES)', '333': 'SERINGUEIROS', '334': 'ERVATEIROS', '335': 'APANHADORES, DESCASCADORES E QUEBRADORES DE PRODUTOS VEGETAIS', '341': 'MINEIROS', '351': 'CANTEIROS E MARROEIROS', '361': 'GARIMPEIROS', '371': 'TRABALHADORES DE EXTRAÇÃO DE PETROLEO E GAS', '401': 'TRABALHADORES DE FORNOS METALURGICOS', '402': 'OPERADORES DE TRENS DE LAMINAÇÃO', '403': 'OPERADORES DE FORNOS DE SEGUNDA FUSÃO E REAQUECIMENTO', '404': 'FUNDIDORES DE METAIS EM MOLDES', '405': 'MOLDADORES E MACHEIROS', '406': 'TRABALHADORES DE TRATATAMENTO TERMICO DE METAIS', '407': 'TREFILADORES E ESTIRADORES DE METAIS', '408': 'GALVANIZADORES, RECOBRIDORES E DECAPADORES DE METAIS', '410': 'FERREIROS, SERRALHEIROS E FORJADORES', '411': 'FERRAMENTEIROS, AJUSTADORES ESPECIALIZADOS EM FERRAMENTAS MATRIZES,', '412': 'OPERADORES DE MAQUINAS E FERRAMENTAS', '413': 'POLIDORES DE METAIS E AFIADORES DE FERRAMENTAS', '414': 'AJUSTADORES, MONTADORES E INSTALADORES DE MAQUINARIA', '415': 'RELOJOEIROS E MECANICOS DE INSTRUMENTOS DE PRECISÃO', '416': 'MECANICOS DE VEICULOS DE MOTOR', '417': 'MECANICOS DE MOTORES E SISTEMAS HIDRAULICOS DE AVIÕES', '418': 'SOLDADORES', '419': 'CHAPEADORES E CALDEIREIROS', '420': 'LANTERNEIROS DE VEICULOS', '421': 'REBITADORES DE METAIS', '422': 'FUNILEIROS DE METAIS', '431': 'MARCENEIROS', '432': 'CARPINTEIROS E TANOEIROS', '433': 'SERRADORES', '434': 'LUSTRADORES', '435': 'ESTOFADORES E CAPOTEIROS', '436': 'COLCHOEIROS', '437': 'PREPARADORES DE PASTA PARA PAPEL', '441': 'PREPARADORES DE FIBRAS', '442': 'FIANDEIROS E BOBINADORES', '443': 'AJUSTADORES DE TEARES E PREPARADORES DE CARTÕES PARA TECIDOS', '444': 'TECELÕES', '445': 'TAPECEIROS', '446': 'RENDEIROS', '447': 'REDEIROS', '448': 'BRANQUEADORES, TINTUREIROS E TRABALHADORES DE ACABAMENTO', '451': 'CURTIDORES', '452': 'CORREEIROS E SELEIROS', '461': 'MOLEIROS E TRABALHADORES ASSMELHADOS', '462': 'TRABALHADORES DA FABRIÇÃO E REFINAÇÃO DO AÇUCAR', '463': 'CHARQUEADORES E MAGAREFES', '464': 'TRABALHADORES NA CONSERVA DE ALIMENTOS', '465': 'TRABALHADORES DO TRATATAMENTO DO LEITE E ELABORAÇÃO DE LATICINIOS', '466': 'PADEIROS E CONFEITEIROS', '467': 'TRABALHADORES DA PREPARAÇÃO DO CAFE, CHA E CACAU', '468': 'CERVEJEIROS E TRABALHADORES DA FABRICAÇÃO DE VINHOS E OUTRAS BEBIDAS', '469': 'TRABALHADORES DA INDUSTRIALIZAÇÃO DO PESCADO', '470': 'PREPARADORES DE FUMO', '471': 'CHARUTEIROS E CIGARREIROS', '472': 'ALFAIATES E COSTUREIROS', '473': 'PELETEIROS E TRABALHADORES ASSEMELHADOS', '474': 'PADRONIZADORES E CORTADORES', '475': 'BORDADORES E CERZIDORES', '476': 'CHAPELEIROS DE PALHA', '477': 'CHAPELEIROS EXCLUSIVE DE PALHA', '478': 'SAPATEIROS, MONTADORES E ACABADORES DE SAPATOS', '479': 'BOLSEIROS E CINTEIROS', '480': 'AJUSTADORES DE EQUIPAMENTOS ELETRICOS E ELETRONICOS', '481': 'MONTADORES DE EQUIPAMENTOS ELETRICOS E ELETRONICOS', '482': 'REPARADORES DE RECEPTORES DE RADIO E TELEVISÃO', '483': 'ELETRICISTAS', '484': 'INSTALADORES DE TELEFONES E TELEGRAFOS', '485': 'INSTALADORES DE LINHAS ELETRICAS E DE TELECOMUNICAÇÕES', '490': 'VIDREIROS E AMPOLEIROS', '491': 'CERAMISTA E LOUCEIROS', '492': 'GRAVADORES DE VIDROS', '493': 'PINTORES E DECORADORES DE VIDRO E CERAMICA', '494': 'OLEIROS', '500': 'TRABALHADORES DA FABRICAÇÃO DE PRODUTOS DE BORRACHA E PLASTICO', '501': 'BORRACHEIRO', '502': 'TRABALHADORES DA FABRICAÇÃO E VULCANIZAÇÃO DE PNEUMATICOS', '510': 'CONFECCIONADORES DE PRODUTOS DE PAPEL E PAPELÃO', '520': 'COMPOSITORES, TIPOGRAFICOS E LINOTIPISTAS', '521': 'IMPRESSORES TIPOGRAFICOS', '522': 'ESTEREOTIPISTAS E ELETROTIPISTAS', '523': 'CLICHERISTAS E GRAVADORES', '524': 'FOTOGRAVADORES', '525': 'ENCADERNADORES E CARTONADORES', '526': 'OUTRAS OCUPAÇÕES DA INDUSTRIA GRAFICA', '530': 'MESTRE E CONTRAMESTRES (EXCLUSIVE MESTRES–DE–OBRAS)', '531': 'ARMADORES DE CONCRETO', '532': 'PEDREIROS', '533': 'SERVENTES DE PEDREIROS', '534': 'PINTORES E CAIADORES', '535': 'ESTUCADORES', '536': 'LADRILHEIROS E TAQUEIROS', '537': 'ENCANADORES', '538': 'VIDRACEIROS', '539': 'CALCETEIROS E ASFALTADORES', '540': 'CALAFATES', '541': 'MONTADORES DE ESTRUTUTRA METALICA', '542': 'OPERADORES DE MAQUINAS DE CONSTRUÇÃO CIVIL', '550': 'MESTRES E CONTRAMESTRES (EXCLUSIVE MESTES–DE–OBRA)', '551': 'APRENDIZES', '552': 'CONFECCIONADORES E AFINADORES DE INSTRUMENTOS MUSICAIS', '553': 'CESTEIROS E ESTEIREIROS', '554': 'OURIVES', '555': 'LAPILADORES', '556': 'FOGUETEIROS', '557': 'VASSOUREIROS', '558': 'MARMORISTAS', '559': 'POLIDORES E ESMERILHADORES', '560': 'OPERADORES DE MAQUINA (EXCLUSIVE NAS INDUSTRIAS MECANICA E DE', '561': 'PINTORES A PISTOLA', '562': 'FOGUISTAS (EXCLUSIVE DE EMBARCAÇÕES E TRENS)', '563': 'EMBALADORES E EXPEDIDORES', '564': 'OUTRAS OCUPAÇÕES DAS INDUSTRIAS DE TRANFORMAÇÃO', '600': 'AÇOUGUEIROS', '601': 'BALCONISTAS E VENDEDORES', '602': 'VENDEDORES AMBULANTES', '603': 'VENDEDORES DE JORNAIS E REVISTAS', '610': 'PRACISTAS E VIAJANTES COMERCIAIS', '611': 'REPRESENTANTES COMERCIAIS', '612': 'PROPAGANDISTAS', '620': 'CORRETORES DE SEGUROS', '621': 'CORRETORES DE IMOVEIS', '622': 'CORRETORES DE TITULOS E VALORES', '623': 'OUTROS AGENTES CORRETORES', '700': 'AVIADORES CIVIS', '701': 'COMISSARIOS DE BORDO', '710': 'OFICIAIS DE MARINHA MERCANTE', '711': 'MESTRES DE EMBARCAÇÃO', '712': 'MAQUINISTAS DE EMBARCAÇÃO', '713': 'FOGUISTAS DE EMBARCAÇÃO', '714': 'MARINHEIROS CIVIS', '715': 'TAIFEIROS NOS TRANSPORTES MARITIMOS', '716': 'BARQUEIROS E CANOEIROS', '720': 'GUINDASTEIROS', '721': 'ESTIVADORES', '730': 'AGENTES DE ESTRADA DE FERRO', '731': 'CONDUTORES E CHEFES DE TREM', '732': 'MAQUINISTAS DE TREM', '733': 'FOGUISTAS DE TREM', '734': 'GUARDA–FREIOS', '735': 'MANOBREIROS E SINALEIROS', '740': 'AGENTES E VENDEDORES DE PASSAGENS RODOVIARIAS', '741': 'MOTORISTAS', '742': 'TROCADORES', '743': 'CARROCEIROS E TROPEIROS', '750': 'RECEPCIONISTAS NOS TRANSPORTES', '751': 'INSPETORES E DESPACHANTES NOS TRANSPORTES', '752': 'TRABALHADORES DE CONSERVAÇÃO DE RODOVIAS', '753': 'TRABALHADORES DE CONSERVAÇÃO DE FERROVIAS', '760': 'AGENTES POSTAIS E TELEGRAFICOS', '761': 'POSTALISTAS', '762': 'TELEGRAFISTAS E RADIOTELEGRAFISTAS', '763': 'TELEFONISTAS', '764': 'CARTEIROS', '765': 'GUARDA–FIOS', '800': 'COZINHEIROS', '801': 'GARÇONS', '802': 'EMPREGADOS DOMESTICOS', '810': 'BARBEIROS E CABELEREIROS', '811': 'MANICUROS E PEDICUROS', '812': 'LAVADEIRAS E PASSADEIRAS', '813': 'ENGRAXATES', '820': 'ATLETAS PROFISSIONAIS', '821': 'TECNICOS E JUIZES DE ESPORTE', '900': 'OFICIAIS E PRAÇAS DAS FORÇAS ARMADAS', '901': 'OFICIAIS E PRAÇAS DO CORPO DE BOMBEIROS', '902': 'DELEGADOS E COMISSARIOS DE POLICIA', '903': 'INVESTIGADORES DE POLICIA', '904': 'ESCRIVÃES DE POLICIA', '905': 'GUARDAS–CIVIS E INSPETORES DE TRAFEGO', '906': 'CARCEREIROS E GUARDAS DE PRESIDIO', '907': 'DATILOSCOPISTAS', '908': 'GUARDAS–VIGIAS DE ORGANIZAÇÕES PARTICULARES', '950': 'CAPATAZES', '951': 'PORTEIROS, VIGIAS E SERVENTES', '952': 'ASCENSORISTAS', '953': 'GUARDAS–SANITARIOS', '954': 'INSPETORES E FISCAIS', '955': 'LIXEIROS', '956': 'GUARDADORES DE AUTOMOVEIS', '957': 'TRABALHADORES BRAÇAIS, SEM ESPECIFICAÇÃO', '958': 'BISCATEIROS', '959': 'OUTRAS OCUPAÇÕES MAL DEFINIDAS', '960': 'SEM DECLARAÇÃO DE OCUPAÇÃO', '': 'NÃO APLICAVEL'}"
V2305,"ONDE EXERCEU NA SEMANA DE REFERENCIA ATIVIDADE DO ESTABELECIMENTO OU NEGOCIO
VER VARIÁVEIS AUXILIARES",46,3,N,131.0,ONDE EXERCEU NA SEMANA DE REFERENCIA ATIVIDADE DO ESTABELECIMENTO OU NEGOCIO,VER VARIÁVEIS AUXILIARES,"{'011': 'AGRICULTURA E SILVICULTURA', '012': 'CRIAÇÃO DE ANIMAIS', '021': 'COLETA DE PRODUTOS VEGETAIS NÃO CULTIVADOS', '022': 'EXTRAÇÃO DE MADEIRA', '035': 'PESCA', '036': 'AQUICULTURA', '051': 'EXTRAÇAO DE MINERAIS METALICOS', '052': 'EXTRAÇAO DE MINERAIS NÃO METALICOS', '053': 'EXTRAÇAO DE COMBUSTIVEIS MINERAIS', '054': 'EXTRAÇAO DE MINERAIS RADIOATIVOS', '100': 'PRODUTOS MINERAIS NÃO METALICOS', '110': 'METALURGICA', '120': 'MECANICA', '130': 'MATERIAL ELETRICO E DE COMUNICAÇÃO', '140': 'MATERIAL DE TRANSPORTE', '150': 'MADEIRA', '160': 'MOBILIARIO', '170': 'PAPEL E PAPELÃO', '180': 'BORRACHA', '190': 'COUROS E PELES E PRODUTOS SIMILARES', '200': 'QUIMICA', '210': 'PRODUTOS FARMACEUTICOS E VETERINARIOS', '220': 'PERFUMARIA, SABÕES E VELAS', '230': 'PRODUTOS DE MATERIAS PLASTICAS', '240': 'TEXTIL', '250': 'VESTUARIO, CALÇADOS E ARTEFATOS DE TECIDOS', '260': 'PRODUTOS ALIMENTARES', '270': 'BEBIDAS E ALCOOL ETILICO', '280': 'FUMO', '290': 'EDITORIAL E GRAFICA', '300': 'DIVERSAS', '340': 'CONSTRUÇÃO CIVIL', '351': 'PRODUÇÃO E DISTRIBUIÇÃO DE ENERGIA ELETRICA', '352': 'PRODUÇÃO E DISTRIBUIÇÃO DE GAS ENCANADO', '353': ""ABASTECIMENTO D'AGUA E SERVIÇO DE ESGOTO"", '354': 'LIMPEZA PUBLICA E REMOÇÃO DE LIXO', '420': 'PRODUTOS AGROPECUARIOS E DE EXTRAÇÃO VEGETAL E MINERAL, NÃO BENEFICIADOS', '421': 'FERRAGENS, PRODUTOS METALURGICOS, ARTIGOS SANITARIOS E MATERIAL DE', '422': 'MAQUINAS, APARELHO E MATERIAL ELETRICO, MAQUINAS DE COSTURA E DE', '423': 'VEICULOS E ACESSORIOS', '424': 'MOVEIS E ARTIGOS DE DECORAÇÃO E DE UTILIDADES DOMESTICAS, INCLUSIVE', '425': 'PAPEL, IMPRESSOS E ARTIGOS DE ESCRITORIO – LIVRARIAS, PAPELARIAS, E', '426': 'PRODUTOS QUIMICOS E FARMACEUTICOS – INCLUSIVE ARTIGOS DE PERFUMARIA', '427': 'COMBUSTIVEIS E LUBRIFICANTES – POSTOS DE GASOLINA, DISTRIBUIÇÃO DE', '428': 'TECIDOS E ARTEFATOS DE TECIDOS, ARTIGOS DO VESTUARIO, DE ARMARINHO E', '429': 'PRODUTOS ALIMENTICIOS, BEBIDAS, FUMO E ESTIMULANTES – MERCADORIAS,', '430': 'MERCADORIAS EM GERAL, INCLUSIVE PRODUTOS ALIMENTICIOS (SUPERMERCADOS)', '431': 'MERCADORIAS EM GERAL, EXCLUSIVE PRODUTOS ALIMENTICIOS (LOJAS DE', '432': 'COMERCIO AMBULANTE', '433': 'FEIRAS', '434': 'OUTROS OU DIVERSOS', '451': 'CREDITO E INVESTIMENTO', '452': 'FINANCIAMENTO E BANCOS DE DESENVOLVIMENTO', '453': 'SEGUROS E RESSEGUROS', '454': 'CAPITALIZAÇÃO', '461': 'ADMINISTRAÇÃO E LOCAÇÃO DE IMOVEIS', '462': 'COMPRA E VENDA DE IMOVEIS', '463': 'INCORPORAÇÃO DE IMOVEIS', '464': 'BOLSAS DE VALORES E COMERCIO DE TITULOS E VALORES MOBILIARIOS', '465': 'CONCESSIONARIOS DE LOTERIAS – EXCLUSIVE AGENCIAS LOTERICAS', '466': 'ORGANIZAÇÃO DE CARTÕES DE CREDITO, SORTEIOS, CONSORCIOS, CLUBES DE', '471': 'TRANSPORTE RODOVIARIO', '472': 'TRANSPORTE FERROVIARIO', '473': 'TRANSPORTE POR VEICULO A TRAÇÃO ANIMAL', '475': 'TRANSPORTE MARITIMO, FLUVIAL, E LACUSTRE', '476': 'TRANSPORTE AEREO', '479': 'OUTROS TRANSPORTES', '481': 'CORREIOS E TELEGRAFOS', '483': 'COMUNICAÇÕES TELEFONICAS', '511': 'ALOJAMENTO', '512': 'ALIMENTAÇÃO', '521': 'MAQUINA E APARELHOS, ELETRICOS OU NÃO, DE USO PESSOAL OU DOMESTICO', '522': 'VEICULOS', '523': 'ARTIGOS DE MADEIRA E DO MOBILIARIO', '527': 'INSTALAÇÕES ELETRICAS, HIDRAULICAS E DE GAS', '528': 'ARTIGOS DIVERSOS', '531': 'HIGIENE E EMBELEZAMENTO PESSOAL', '532': 'CONFECÇÃO SOB MEDIDA E REPARAÇÃO DE ARTIGOS DO VESTUARIO', '539': 'OUTROS SERVIÇOS PESSOAIS', '541': 'TINTURARIAS E LAVANDERIAS', '542': 'SERVIÇOS DE LIMPEZA E CONSERVAÇÃO DE CASAS, ESCRITORIOS E EDIFICIOS', '546': 'SERVIÇOS DE VIGILANCIA OU GUARDA', '547': 'SERVIÇOS DOMESTICOS REMUNERADOS', '549': 'OUTROS SERVIÇOS DOMICILIARES', '551': 'DIVERSÕES E PROMOÇÕES DE ESPETACULOS', '552': 'RADIODIFUSÃO E TELEVISÃO', '571': 'JURIDICOS, DE DESPACHANTES E PROCURADORES', '572': 'CONTABILIDADE E AUDITORIA', '573': 'ASSESSORIA, CONSULTORIA, PESQUISA, ANALISE E PROCESSAMENTO DE DADOS', '574': 'ENGENHARIA, GEOLOGIA, GEODESIA, CARTOGRAFIA, AEROFOTOGRAMETRIA,', '575': 'PUBLICIDADE, PROPAGANDA, ORGANIZAÇÃO E PROMOÇÃO DE CONGRESSOS,', '576': 'PRODUÇÃO E REPRODUÇÃO DE DOCUMENTOS', '577': 'PINTURA, DESENHO, ESCULTURA E DECORAÇÃO', '578': 'INVESTIMENTO PARTICULAR', '579': 'OUTROS SERVIÇOS TECNICOS PROFISSIONAIS NÃO ESPECIFICADOS', '581': 'SERVIÇOS AUXILIARES DA AGRICULTURA E CRIAÇÃO DE ANIMAIS', '582': 'SERVIÇO AUXILIAR DE TRANSPORTE', '583': 'SERVIÇO AUXILIAR DE COMERCIO E DA INDUSTRIA', '584': 'SERVIÇO AUXILIAR DE ATIVIDADES DE SEGUROS, FINANÇAS E VALORES', '589': 'SERVIÇO AUXILIAR DE ATIVIDADE ECONOMICA EM GERAL', '611': 'ASSISTENCIA SOCIAL E ASSOCIAÇÕES BENEFICENTES', '612': 'PREVIDENCIA SOCIAL', '613': 'ENTIDADE DE CLASSE E SINDICAIS', '614': 'INSTITUIÇÕES CIENTIFICAS E TECNOLOGICAS', '615': 'INSTITUIÇÕES FILOSOFICAS E CULTURAIS', '616': 'INSTITUIÇÕES RELIGIOSAS', '617': 'ENTIDADE DESPORTIVAS E RECREATIVAS', '618': 'ORGANIZAÇÕES CIVICAS E POLITICAS', '619': 'OUTROS SERVIÇOS COMUNITARIOS E SOCIAIS', '621': 'SERVIÇOS MEDICOS', '622': 'SERVIÇOS ONDOTOLOGICOS', '623': 'SERVIÇOS DE VETERINARIA', '631': 'ENSINO PUBLICO', '632': 'ENSINO PARTICULAR', '711': 'PODER LEGISLATIVO', '712': 'JUSTIÇA E ATIVIDADES AUXILIARES', '713': 'SERVIÇOS ADMINISTRATIVOS FEDERAIS', '714': 'SERVIÇOS ADMINISTRATIVOS ESTADUAIS', '715': 'SERVIÇOS ADMINISTRATIVOS MUNICIPAIS', '716': 'SERVIÇOS ADMINISTRATIVOS AUTARQUICOS', '721': 'EXERCITO', '722': 'MARINHA DE GUERRA', '723': 'AERONAUTICA', '724': 'POLICIA MILITAR', '725': 'POLICIA CIVIL', '726': 'CORPO DE BOMBEIROS', '729': 'OUTRAS ORGANIZAÇÕES GOVERNAMENTAIS DE SEGURANÇA', '811': 'REPRESENTAÇÕES ESTRANGEIRAS', '812': 'OUTRAS ATIVIDADES NÃO COMPREENDIDAS NAS DEMAIS CLASSES', '814': 'ATIVIDADES MAL DEFINIDAS OU NÃO DECLARADAS', '': 'NÃO APLICAVEL'}"
V2306,"POSIÇÃO NA OCUPAÇÃO NA SEMANA DE REFERENCIA
 - NÃO APLICAVEL
1- EMPREGADO
2- CONTA PROPRIA
3- EMPREGADOR
4- NÃO REMUNERADO
9- SEM DECLARAÇÃO",49,1,N,6.0,POSIÇÃO NA OCUPAÇÃO NA SEMANA DE REFERENCIA," - NÃO APLICAVEL
1- EMPREGADO
2- CONTA PROPRIA
3- EMPREGADOR
4- NÃO REMUNERADO
9- SEM DECLARAÇÃO","{1: 'EMPREGADO', 2: 'CONTA PROPRIA', 3: 'EMPREGADOR', 4: 'NÃO REMUNERADO', 9: 'SEM DECLARAÇÃO', '': 'NÃO APLICAVEL'}"
V2307,"NUMERO DE PESSOAS EMPREGADAS NA EMPRESA OU NEGOCIO DECLARADO COMO TRABALHO NA SEMANA DE REFERENCIA
 - NÃO APLICAVEL
1- ATE 5 PESSOAS
2- 6 PESSSOAS OU MAIS
3- PREJUDICADO
9- SEM DECLARAÇÃO",50,1,N,5.0,NUMERO DE PESSOAS EMPREGADAS NA EMPRESA OU NEGOCIO DECLARADO COMO TRABALHO NA SEMANA DE REFERENCIA," - NÃO APLICAVEL
1- ATE 5 PESSOAS
2- 6 PESSSOAS OU MAIS
3- PREJUDICADO
9- SEM DECLARAÇÃO","{1: 'ATE 5 PESSOAS', 2: '6 PESSSOAS OU MAIS', 3: 'PREJUDICADO', 9: 'SEM DECLARAÇÃO', '': 'NÃO APLICAVEL'}"
V2308,"NUMERO DE PESSOAS EMPREGADAS NA EMPRESA OU NEGOCIO DECLARADO COMO TRABALHO NA SEMANA DE REFERENCIA
 - NÃO APLICAVEL
1- ATE 2 PESSOAS
2- DE 3 A 5 PESSOAS
3- 6 PESSOAS OU MAIS
4- PREJUDICADO
9- SEM DECLARAÇÃO",51,1,N,6.0,NUMERO DE PESSOAS EMPREGADAS NA EMPRESA OU NEGOCIO DECLARADO COMO TRABALHO NA SEMANA DE REFERENCIA," - NÃO APLICAVEL
1- ATE 2 PESSOAS
2- DE 3 A 5 PESSOAS
3- 6 PESSOAS OU MAIS
4- PREJUDICADO
9- SEM DECLARAÇÃO","{1: 'ATE 2 PESSOAS', 2: 'DE 3 A 5 PESSOAS', 3: '6 PESSOAS OU MAIS', 4: 'PREJUDICADO', 9: 'SEM DECLARAÇÃO', '': 'NÃO APLICAVEL'}"
V2309,"NUMERO DE PESSOAS NÃO REMUNERADAS QUE AJUDAM NO TRABALHO DA EMPRESA OU NEGOCIO DECLARADOS COMO TRABALHO NA SEMANA DE REFERENCIA
 - NÃO APLICAVEL
1- NENHUMA
2- ATE 2 PESSOAS
3- DE 3 A 5 PESSOAS
4- 6 PESSOAS OU MAIS
5- PREJUDICADO
9- SEM DECLARAÇÃO",52,1,N,7.0,NUMERO DE PESSOAS NÃO REMUNERADAS QUE AJUDAM NO TRABALHO DA EMPRESA OU NEGOCIO DECLARADOS COMO TRABALHO NA SEMANA DE REFERENCIA," - NÃO APLICAVEL
1- NENHUMA
2- ATE 2 PESSOAS
3- DE 3 A 5 PESSOAS
4- 6 PESSOAS OU MAIS
5- PREJUDICADO
9- SEM DECLARAÇÃO","{1: 'NENHUMA', 2: 'ATE 2 PESSOAS', 3: 'DE 3 A 5 PESSOAS', 4: '6 PESSOAS OU MAIS', 5: 'PREJUDICADO', 9: 'SEM DECLARAÇÃO', '': 'NÃO APLICAVEL'}"
V2310,"GOSTARIA DE TER UM EMPREGO TRABALHANDO QUARENTA HORAS OU MAIS POR SEMANA RECEBENDO O SALARIO MINIMO?
  - NÃO APLICAVEL
 1- SIM
 2- GANHA MAIS
 3- NÃO COMPENSA
 4- NÃO GOSTA DO EMPREGO
 5- NÃO INTERESSA
 6- AJUDAR PARENTE
 7- AFAZERES DOMESTICO
 8- GANHA SUFICIENTE
 9- APOSENTADO
88- PREJUDICADO
99- SEM DECLARAÇÃO",53,2,N,12.0,GOSTARIA DE TER UM EMPREGO TRABALHANDO QUARENTA HORAS OU MAIS POR SEMANA RECEBENDO O SALARIO MINIMO?,"  - NÃO APLICAVEL
 1- SIM
 2- GANHA MAIS
 3- NÃO COMPENSA
 4- NÃO GOSTA DO EMPREGO
 5- NÃO INTERESSA
 6- AJUDAR PARENTE
 7- AFAZERES DOMESTICO
 8- GANHA SUFICIENTE
 9- APOSENTADO
88- PREJUDICADO
99- SEM DECLARAÇÃO","{1: 'SIM', 2: 'GANHA MAIS', 3: 'NÃO COMPENSA', 4: 'NÃO GOSTA DO EMPREGO', 5: 'NÃO INTERESSA', 6: 'AJUDAR PARENTE', 7: 'AFAZERES DOMESTICO', 8: 'GANHA SUFICIENTE', 9: 'APOSENTADO', 88: 'PREJUDICADO', 99: 'SEM DECLARAÇÃO', '': 'NÃO APLICAVEL'}"
V2311,"TEVE OUTRA OCUPAÇÃO ALEM DA JÁ DECLARADA ANTERIORMENTE NA SEMANA DE REFERENCIA?
 - NÃO APLICAVEL
1- SIM
2- NÃO
9- SEM DECLARAÇÃO",55,1,N,4.0,TEVE OUTRA OCUPAÇÃO ALEM DA JÁ DECLARADA ANTERIORMENTE NA SEMANA DE REFERENCIA?," - NÃO APLICAVEL
1- SIM
2- NÃO
9- SEM DECLARAÇÃO","{1: 'SIM', 2: 'NÃO', 9: 'SEM DECLARAÇÃO', '': 'NÃO APLICAVEL'}"
V2312,HORAS QUE TRABALHA HABITUALMENTE POR SEMANA NO TRABALHO DECLARADO NOS QUESITOS ANTERIORES SOBRE TRABALHO NA SEMANA DE REFERENCIA,56,2,N,,HORAS QUE TRABALHA HABITUALMENTE POR SEMANA NO TRABALHO DECLARADO NOS QUESITOS ANTERIORES SOBRE TRABALHO NA SEMANA DE REFERENCIA,,
V2313,HORAS QUE TRABALHA HABITUALMENTE POR SEMANA NOS OUTROS TRABALHOS QUE JÁ TEM NA SEMANA DE REFERENCIA,58,2,N,,HORAS QUE TRABALHA HABITUALMENTE POR SEMANA NOS OUTROS TRABALHOS QUE JÁ TEM NA SEMANA DE REFERENCIA,,
V2314,TOTAL DE HORAS TRABALHADAS HABITUALMENTE POR SEMANA,60,2,N,,TOTAL DE HORAS TRABALHADAS HABITUALMENTE POR SEMANA,,
V2315,"PORQUE NÃO TRABALHA QUARENTA HORAS OU MAIS POR SEMANA PARA GANHAR MAIS?
 - NÃO APLICAVEL
1- TRABALHA 40 HORAS OU MAIS
2- NÃO ENCONTRA
3- NÃO PODE
4- NÃO PENSOU
5- NÃO QUER
9- SEM DECLARAÇÃO",62,1,N,7.0,PORQUE NÃO TRABALHA QUARENTA HORAS OU MAIS POR SEMANA PARA GANHAR MAIS?," - NÃO APLICAVEL
1- TRABALHA 40 HORAS OU MAIS
2- NÃO ENCONTRA
3- NÃO PODE
4- NÃO PENSOU
5- NÃO QUER
9- SEM DECLARAÇÃO","{1: 'TRABALHA 40 HORAS OU MAIS', 2: 'NÃO ENCONTRA', 3: 'NÃO PODE', 4: 'NÃO PENSOU', 5: 'NÃO QUER', 9: 'SEM DECLARAÇÃO', '': 'NÃO APLICAVEL'}"
V2316,"CONTRIBUI PARA INSTITUTO DE PREVIDENCIA?
 - NÃO APLICAVEL
1- FEDERAL
2- ESTADUAL
3- MUNICIPAL
4- NÃO E
9- SEM DECLARAÇÃO",63,1,N,6.0,CONTRIBUI PARA INSTITUTO DE PREVIDENCIA?," - NÃO APLICAVEL
1- FEDERAL
2- ESTADUAL
3- MUNICIPAL
4- NÃO E
9- SEM DECLARAÇÃO","{1: 'FEDERAL', 2: 'ESTADUAL', 3: 'MUNICIPAL', 4: 'NÃO E', 9: 'SEM DECLARAÇÃO', '': 'NÃO APLICAVEL'}"
V2317,"CARTEIRA DE TRABALHO ASSINADA PELO ATUAL EMPREGADOR?
 - NÃO APLICAVEL
1- SIM
2- NÃO
3- NÃO E EMPREGADO
9- SEM DECLARAÇÃO",64,1,N,5.0,CARTEIRA DE TRABALHO ASSINADA PELO ATUAL EMPREGADOR?," - NÃO APLICAVEL
1- SIM
2- NÃO
3- NÃO E EMPREGADO
9- SEM DECLARAÇÃO","{1: 'SIM', 2: 'NÃO', 3: 'NÃO E EMPREGADO', 9: 'SEM DECLARAÇÃO', '': 'NÃO APLICAVEL'}"
V2318,RENDIMENTO MENSAL DO TRABALHO DECLARADO NA SEMANA DE REFERENCIA EM DINHEIRO PARTE FIXA,65,6,N,,RENDIMENTO MENSAL DO TRABALHO DECLARADO NA SEMANA DE REFERENCIA EM DINHEIRO PARTE FIXA,,
V2338,RENDIMENTO MENSAL DO TRABALHO DECLARADO NA SEMANA DE REFERENCIA EM DINHEIRO PARTE VARIAVEL,71,6,N,,RENDIMENTO MENSAL DO TRABALHO DECLARADO NA SEMANA DE REFERENCIA EM DINHEIRO PARTE VARIAVEL,,
V2339,RENDIMENTO MENSAL DO TRABALHO DECLARADO NA SEMANA DE REFERENCIA EM PRODUTOS E MERCADORIAS,77,6,N,,RENDIMENTO MENSAL DO TRABALHO DECLARADO NA SEMANA DE REFERENCIA EM PRODUTOS E MERCADORIAS,,
V2340,"POSSUI RENDIMENTO MENSAL DO TRABALHO EM BENEFICIOS
 - NÃO APLICAVEL
1- NÃO REMUNERADO
2- SOMENTE BENEFICIO",83,1,N,3.0,POSSUI RENDIMENTO MENSAL DO TRABALHO EM BENEFICIOS," - NÃO APLICAVEL
1- NÃO REMUNERADO
2- SOMENTE BENEFICIO","{1: 'NÃO REMUNERADO', 2: 'SOMENTE BENEFICIO', '': 'NÃO APLICAVEL'}"
V2319,RENDIMENTO MENSAL DOS OUTROS TRABALHOS QUE EXERCEU NA OCUPAÇÃO DECLARADA NA SEMANA DE EM DINHEIRO PARTE FIXA,84,6,N,,RENDIMENTO MENSAL DOS OUTROS TRABALHOS QUE EXERCEU NA OCUPAÇÃO DECLARADA NA SEMANA DE EM DINHEIRO PARTE FIXA,,
V2349,RENDIMENTO MENSAL DOS OUTROS TRABALHOS QUE EXERCEU NA OCUPAÇÃO DECLARADA NA SEMANA DE EM DINHEIRO PARTE VARIAVEL,90,6,N,,RENDIMENTO MENSAL DOS OUTROS TRABALHOS QUE EXERCEU NA OCUPAÇÃO DECLARADA NA SEMANA DE EM DINHEIRO PARTE VARIAVEL,,
V2350,RENDIMENTO MENSAL DOS OUTROS TRABALHOS QUE EXERCEU NA OCUPAÇÃO DECLARADA NA SEMANA DE REFERENCIA EM PRODUTOS E MERCADORIAS,96,6,N,,RENDIMENTO MENSAL DOS OUTROS TRABALHOS QUE EXERCEU NA OCUPAÇÃO DECLARADA NA SEMANA DE REFERENCIA EM PRODUTOS E MERCADORIAS,,
V2351,"POSSUI RENDIMENTO MENSAL DOS OUTROS TRABALHOS QUE EXERCEU NA OCUPAÇÃO DECLARADA NA SEMANA DE REFERENCIA COM BENEFICIOS?
 - NÃO APLICAVEL
1- NÃO REMUNERADO",102,1,N,2.0,POSSUI RENDIMENTO MENSAL DOS OUTROS TRABALHOS QUE EXERCEU NA OCUPAÇÃO DECLARADA NA SEMANA DE REFERENCIA COM BENEFICIOS?," - NÃO APLICAVEL
1- NÃO REMUNERADO","{1: 'NÃO REMUNERADO', '': 'NÃO APLICAVEL'}"
V2320,"POSSUI OUTRAS RECEITAS ALEM DAS DECLARADAS ANTERIORMENTE?
 - NÃO APLICAVEL
1- TEM - QUAIS
2- NÃO TEM
9- SEM DECLARAÇÃO",103,1,N,4.0,POSSUI OUTRAS RECEITAS ALEM DAS DECLARADAS ANTERIORMENTE?," - NÃO APLICAVEL
1- TEM - QUAIS
2- NÃO TEM
9- SEM DECLARAÇÃO","{1: 'TEM – QUAIS', 2: 'NÃO TEM', 9: 'SEM DECLARAÇÃO', '': 'NÃO APLICAVEL'}"
V2360,OUTRAS RECEITAS ALEM DAS DECLARADAS ANTERIORMENTE COM APOSENTADORIA,104,6,N,,OUTRAS RECEITAS ALEM DAS DECLARADAS ANTERIORMENTE COM APOSENTADORIA,,
V2361,OUTRAS RECEITAS ALEM DAS DECLARADAS ANTERIORMENTE COM EMPREGO DE CAPITAL,110,6,N,,OUTRAS RECEITAS ALEM DAS DECLARADAS ANTERIORMENTE COM EMPREGO DE CAPITAL,,
V2362,OUTRAS RECEITAS ALEM DAS DECLARADAS ANTERIORMENTE COM DOAÇÃO OU MESADA,116,6,N,,OUTRAS RECEITAS ALEM DAS DECLARADAS ANTERIORMENTE COM DOAÇÃO OU MESADA,,
V2363,OUTRAS RECEITAS ALEM DAS DECLARADAS ANTERIORMENTE COM ALUGUEIS,122,6,N,,OUTRAS RECEITAS ALEM DAS DECLARADAS ANTERIORMENTE COM ALUGUEIS,,
V2364,OUTRAS RECEITAS ALEM DAS DECLARADAS ANTERIORMENTE,128,6,N,,OUTRAS RECEITAS ALEM DAS DECLARADAS ANTERIORMENTE,,
V2321,"NUMERO TOTAL DE RENDAS
  - NÃO APLICAVEL
 0- SEM RENDAS
 1- 1 RENDA
 2- 2 RENDAS
 3- 3 RENDAS
 4- 4 RENDAS
 5- 5 RENDAS
 6- 6 RENDAS
 7- 7 RENDAS
 8- 8 RENDAS
 9- 9 RENDAS
10- 10 RENDAS
11- 11 RENDAS",134,2,N,13.0,NUMERO TOTAL DE RENDAS,"  - NÃO APLICAVEL
 0- SEM RENDAS
 1- 1 RENDA
 2- 2 RENDAS
 3- 3 RENDAS
 4- 4 RENDAS
 5- 5 RENDAS
 6- 6 RENDAS
 7- 7 RENDAS
 8- 8 RENDAS
 9- 9 RENDAS
10- 10 RENDAS
11- 11 RENDAS","{0: 'SEM RENDAS', 1: '1 RENDA', 2: '2 RENDAS', 3: '3 RENDAS', 4: '4 RENDAS', 5: '5 RENDAS', 6: '6 RENDAS', 7: '7 RENDAS', 8: '8 RENDAS', 9: '9 RENDAS', 10: '10 RENDAS', 11: '11 RENDAS', '': 'NÃO APLICAVEL'}"
V2503,"CLASSE DE IDADE
 1- DE 0 A 4 ANOS
 2- DE 5 A 9 ANOS
 3- DE 10 A 14 ANOS
 4- DE 15 A 17 ANOS
 5- DE 18 E 19 ANOS
 6- DE 20 A 24 ANOS
 7- DE 25 A 29 ANOS
 8- DE 30 A 34 ANOS
 9- DE 35 A 39 ANOS
10- DE 40 A 44 ANOS
11- DE 45 A 49 ANOS
12- DE 50 A 54 ANOS
13- DE 55 A 59 ANOS
14- DE 60 A 64 ANOS
15- DE 65 A 69 ANOS
16- DE 70 ANOS E MAIS
17- IDADE IGNORADA",136,2,N,17.0,CLASSE DE IDADE," 1- DE 0 A 4 ANOS
 2- DE 5 A 9 ANOS
 3- DE 10 A 14 ANOS
 4- DE 15 A 17 ANOS
 5- DE 18 E 19 ANOS
 6- DE 20 A 24 ANOS
 7- DE 25 A 29 ANOS
 8- DE 30 A 34 ANOS
 9- DE 35 A 39 ANOS
10- DE 40 A 44 ANOS
11- DE 45 A 49 ANOS
12- DE 50 A 54 ANOS
13- DE 55 A 59 ANOS
14- DE 60 A 64 ANOS
15- DE 65 A 69 ANOS
16- DE 70 ANOS E MAIS
17- IDADE IGNORADA","{1: 'DE 0 A 4 ANOS', 2: 'DE 5 A 9 ANOS', 3: 'DE 10 A 14 ANOS', 4: 'DE 15 A 17 ANOS', 5: 'DE 18 E 19 ANOS', 6: 'DE 20 A 24 ANOS', 7: 'DE 25 A 29 ANOS', 8: 'DE 30 A 34 ANOS', 9: 'DE 35 A 39 ANOS', 10: 'DE 40 A 44 ANOS', 11: 'DE 45 A 49 ANOS', 12: 'DE 50 A 54 ANOS', 13: 'DE 55 A 59 ANOS', 14: 'DE 60 A 64 ANOS', 15: 'DE 65 A 69 ANOS', 16: 'DE 70 ANOS E MAIS', 17: 'IDADE IGNORADA'}"
V2505,IDADE DA MÃE,138,2,N,,IDADE DA MÃE,,"{'': 'NÃO APLICAVEL', '10': '10 ANOS', '11': '11 ANOS', '12': '12 ANOS', '13': '13 ANOS', '14': '14 ANOS', '15': '15 ANOS', '16': '16 ANOS', '17': '17 ANOS', '18': '18 ANOS', '19': '19 ANOS', '20': '20 ANOS', '21': '21 ANOS', '22': '22 ANOS', '23': '23 ANOS', '24': '24 ANOS', '25': '25 ANOS', '26': '26 ANOS', '27': '27 ANOS', '28': '28 ANOS', '29': '29 ANOS', '30': '30 ANOS', '31': '31 ANOS', '32': '32 ANOS', '33': '33 ANOS', '34': '34 ANOS', '35': '35 ANOS', '36': '36 ANOS', '37': '37 ANOS', '38': '38 ANOS', '39': '39 ANOS', '40': '40 ANOS', '41': '41 ANOS', '42': '42 ANOS', '43': '43 ANOS', '44': '44 ANOS', '45': '45 ANOS', '46': '46 ANOS', '47': '47 ANOS', '48': '48 ANOS', '49': '49 ANOS', '50': '50 ANOS', '51': '51 ANOS', '52': '52 ANOS', '53': '53 ANOS', '54': '54 ANOS', '55': '55 ANOS', '56': '56 ANOS', '57': '57 ANOS', '58': '58 ANOS', '59': '59 ANOS', '60': '60 ANOS', '61': '61 ANOS', '62': '62 ANOS', '63': '63 ANOS', '64': '64 ANOS', '65': '65 ANOS E MAIS', '99': 'IDADE IGNORADA'}"
V2507,"ANOS DE ESTUDO
  - MENOS DE 5 ANOS
 1- SEM INSTRUÇÃO OU MENOS DE 1 ANO
 2- 1 ANO
 3- 2 ANOS
 4- 3 ANOS
 5- 4 ANOS
 6- 5 ANOS
 7- 6 ANOS
 8- 7 ANOS
 9- 8 ANOS
10- 9 A 11 ANOS
11- 12 ANOS E MAIS
12- NÃO DETERMINADO
13- SEM DECLARAÇÃO",140,2,N,14.0,ANOS DE ESTUDO,"  - MENOS DE 5 ANOS
 1- SEM INSTRUÇÃO OU MENOS DE 1 ANO
 2- 1 ANO
 3- 2 ANOS
 4- 3 ANOS
 5- 4 ANOS
 6- 5 ANOS
 7- 6 ANOS
 8- 7 ANOS
 9- 8 ANOS
10- 9 A 11 ANOS
11- 12 ANOS E MAIS
12- NÃO DETERMINADO
13- SEM DECLARAÇÃO","{1: 'SEM INSTRUÇÃO OU MENOS DE 1 ANO', 2: '1 ANO', 3: '2 ANOS', 4: '3 ANOS', 5: '4 ANOS', 6: '5 ANOS', 7: '6 ANOS', 8: '7 ANOS', 9: '8 ANOS', 10: '9 A 11 ANOS', 11: '12 ANOS E MAIS', 12: 'NÃO DETERMINADO', 13: 'SEM DECLARAÇÃO', '': 'MENOS DE 5 ANOS'}"
V2508,"GRAU E SERIE QUE FREQUENTA
  - MENOR DE 5 ANOS NÃO RESIDENTE
 1- PRE-ESCOLAR
 2- 1º GRAU – 1ª SERIE
 3- 1º GRAU – 2ª SERIE
 4- 1º GRAU – 3ª SERIE
 5- 1º GRAU – 4ª SERIE
 6- 1º GRAU – 5ª SERIE
 7- 1º GRAU – 6ª SERIE
 8- 1º GRAU – 7ª SERIE
 9- 1º GRAU – 8ª SERIE
10- 1º GRAU – SEM DECLARAÇÃO DE SERIE
11- 2º GRAU
12- SUPERIOR
13- MESTRADO OU DOUTORADO
14- SEM DECLARAÇÃO DE GRAU",142,2,N,15.0,GRAU E SERIE QUE FREQUENTA,"  - MENOR DE 5 ANOS NÃO RESIDENTE
 1- PRE-ESCOLAR
 2- 1º GRAU – 1ª SERIE
 3- 1º GRAU – 2ª SERIE
 4- 1º GRAU – 3ª SERIE
 5- 1º GRAU – 4ª SERIE
 6- 1º GRAU – 5ª SERIE
 7- 1º GRAU – 6ª SERIE
 8- 1º GRAU – 7ª SERIE
 9- 1º GRAU – 8ª SERIE
10- 1º GRAU – SEM DECLARAÇÃO DE SERIE
11- 2º GRAU
12- SUPERIOR
13- MESTRADO OU DOUTORADO
14- SEM DECLARAÇÃO DE GRAU","{1: 'PRE–ESCOLAR', 2: '1º GRAU – 1ª SERIE', 3: '1º GRAU – 2ª SERIE', 4: '1º GRAU – 3ª SERIE', 5: '1º GRAU – 4ª SERIE', 6: '1º GRAU – 5ª SERIE', 7: '1º GRAU – 6ª SERIE', 8: '1º GRAU – 7ª SERIE', 9: '1º GRAU – 8ª SERIE', 10: '1º GRAU – SEM DECLARAÇÃO DE SERIE', 11: '2º GRAU', 12: 'SUPERIOR', 13: 'MESTRADO OU DOUTORADO', 14: 'SEM DECLARAÇÃO DE GRAU', '': 'MENOR DE 5 ANOS NÃO RESIDENTE'}"
V2510,"FONTE DE RENDIMENTO
 - MENOR DE 10 ANOS NÃO RESIDENTE
1 - SO TRABALHO
2 - SO OUTRAS FONTES
3 – TRABALHA E OUTRA FONTE
4 – SEM RENDIMENTO",144,1,N,5.0,FONTE DE RENDIMENTO," - MENOR DE 10 ANOS NÃO RESIDENTE
1 - SO TRABALHO
2 - SO OUTRAS FONTES
3 – TRABALHA E OUTRA FONTE
4 – SEM RENDIMENTO","{1: 'SO TRABALHO', 2: 'SO OUTRAS FONTES', 3: 'TRABALHA E OUTRA FONTE', 4: 'SEM RENDIMENTO', '': 'MENOR DE 10 ANOS NÃO RESIDENTE'}"
V2511,"RAMOS DE ATIVIDADE NA SEMANA DE REFENCIA
  - MENOR DE 10 ANOS NÃO RESIDENTE
 1- AGRICOLA
 2- INDÚSTRIA DA TRANSFORMAÇÃO
 3- INDÚSTRIA DA CONSTRUÇÃO
 4- OUTRAS ATIVIDADES INDUSTRIAIS
 5- COMERCIO DE MERCADORIAS
 6- PRESTAÇÃO DE SERVIÇO
 7- SERVIÇO AUXILIAR ATIVIDADE ECONOMICA
 8- TRANSPORTE E COMUNICAÇÃO
 9- SOCIAL
10- ADMINISTRAÇÃO PUBLICA
11- OUTRAS ATIVIDADES",145,2,N,12.0,RAMOS DE ATIVIDADE NA SEMANA DE REFENCIA,"  - MENOR DE 10 ANOS NÃO RESIDENTE
 1- AGRICOLA
 2- INDÚSTRIA DA TRANSFORMAÇÃO
 3- INDÚSTRIA DA CONSTRUÇÃO
 4- OUTRAS ATIVIDADES INDUSTRIAIS
 5- COMERCIO DE MERCADORIAS
 6- PRESTAÇÃO DE SERVIÇO
 7- SERVIÇO AUXILIAR ATIVIDADE ECONOMICA
 8- TRANSPORTE E COMUNICAÇÃO
 9- SOCIAL
10- ADMINISTRAÇÃO PUBLICA
11- OUTRAS ATIVIDADES","{1: 'AGRICOLA', 2: 'INDÚSTRIA DA TRANSFORMAÇÃO', 3: 'INDÚSTRIA DA CONSTRUÇÃO', 4: 'OUTRAS ATIVIDADES INDUSTRIAIS', 5: 'COMERCIO DE MERCADORIAS', 6: 'PRESTAÇÃO DE SERVIÇO', 7: 'SERVIÇO AUXILIAR ATIVIDADE ECONOMICA', 8: 'TRANSPORTE E COMUNICAÇÃO', 9: 'SOCIAL', 10: 'ADMINISTRAÇÃO PUBLICA', 11: 'OUTRAS ATIVIDADES', '': 'MENOR DE 10 ANOS NÃO RESIDENTE'}"
V2512,"GRUPOS DE OCUPAÇÃO NA SEMANA DE REFERENCIA
 - MENOR DE 10 ANOS NÃO RESIDENTE
1- TECNICOS, CIENTIFICOS, RELIGIOSOS, ARTES E AFINS
2- ADMINISTRATIVAS
3- AGROPECUARIA
4- INDUSTRIA DE TRANSFORMAÇÃO
5- COMERCIO E ATIVIDADES AUXILIARES
6- TRANSPORTE E COMUNICAÇÃO
7- PRESTAÇÃO DE SERVIÇOS
8- OUTRAS OCUPAÇÕES",147,1,N,9.0,GRUPOS DE OCUPAÇÃO NA SEMANA DE REFERENCIA," - MENOR DE 10 ANOS NÃO RESIDENTE
1- TECNICOS, CIENTIFICOS, RELIGIOSOS, ARTES E AFINS
2- ADMINISTRATIVAS
3- AGROPECUARIA
4- INDUSTRIA DE TRANSFORMAÇÃO
5- COMERCIO E ATIVIDADES AUXILIARES
6- TRANSPORTE E COMUNICAÇÃO
7- PRESTAÇÃO DE SERVIÇOS
8- OUTRAS OCUPAÇÕES","{1: 'TECNICOS, CIENTIFICOS, RELIGIOSOS, ARTES E AFINS', 2: 'ADMINISTRATIVAS', 3: 'AGROPECUARIA', 4: 'INDUSTRIA DE TRANSFORMAÇÃO', 5: 'COMERCIO E ATIVIDADES AUXILIARES', 6: 'TRANSPORTE E COMUNICAÇÃO', 7: 'PRESTAÇÃO DE SERVIÇOS', 8: 'OUTRAS OCUPAÇÕES', '': 'MENOR DE 10 ANOS NÃO RESIDENTE'}"
V2513,"HORAS TRABALHADAS NA OCUPAÇÃO PRINCIPAL
 - MENOR DE 10 ANOS NÃO RESIDENTE
1- ATE 39 HORAS
2- DE 40 A 48 HORAS
3- 49 HORAS E MAIS
4- SEM DECLARAÇÃO",148,1,N,5.0,HORAS TRABALHADAS NA OCUPAÇÃO PRINCIPAL," - MENOR DE 10 ANOS NÃO RESIDENTE
1- ATE 39 HORAS
2- DE 40 A 48 HORAS
3- 49 HORAS E MAIS
4- SEM DECLARAÇÃO","{1: 'ATE 39 HORAS', 2: 'DE 40 A 48 HORAS', 3: '49 HORAS E MAIS', 4: 'SEM DECLARAÇÃO', '': 'MENOR DE 10 ANOS NÃO RESIDENTE'}"
V2514,"HORAS TRABALHADAS EM TODAS AS OCUPAÇÕES
 - MENOR DE 10 ANOS NÃO RESIDENTE
1- ATE 39 HORAS
2- DE 40 A 48 HORAS
3- 49 HORAS E MAIS
4- SEM DECLARAÇÃO",149,1,N,5.0,HORAS TRABALHADAS EM TODAS AS OCUPAÇÕES," - MENOR DE 10 ANOS NÃO RESIDENTE
1- ATE 39 HORAS
2- DE 40 A 48 HORAS
3- 49 HORAS E MAIS
4- SEM DECLARAÇÃO","{1: 'ATE 39 HORAS', 2: 'DE 40 A 48 HORAS', 3: '49 HORAS E MAIS', 4: 'SEM DECLARAÇÃO', '': 'MENOR DE 10 ANOS NÃO RESIDENTE'}"
V2515,RENDIMENTO MENSAL DA OCUPAÇÃO PRINCIPAL,150,9,N,,RENDIMENTO MENSAL DA OCUPAÇÃO PRINCIPAL,,
V2516,RENDIMENTO MENSAL DE TODAS AS OCUPAÇÕES,159,9,N,,RENDIMENTO MENSAL DE TODAS AS OCUPAÇÕES,,
V2517,RENDIMENTO MENSAL DA PESSOA,168,9,N,,RENDIMENTO MENSAL DA PESSOA,,
V2518,"RENDIMENTO MENSAL DA OCUPAÇÃO PRINCIPAL
 - MENOR DE 10 ANOS NÃO RESIDENTE
1- ATE 1/2 SALARIO MINIMO
2- DE 1/2 A 1 SALARIO MINIMO
3- DE 1 A 2 SALARIOS MINIMOS
4- DE 2 A 3 SALARIOS MINIMOS
5- DE 3 A 5 SALARIOS MINIMOS
6- DE 5 A 10 SALARIOS MINIMOS
7- MAIS DE 10 SALARIOS MINIMOS
8- SEM RENDIMENTO
9- SEM DECLARAÇÃO",177,1,N,10.0,RENDIMENTO MENSAL DA OCUPAÇÃO PRINCIPAL," - MENOR DE 10 ANOS NÃO RESIDENTE
1- ATE 1/2 SALARIO MINIMO
2- DE 1/2 A 1 SALARIO MINIMO
3- DE 1 A 2 SALARIOS MINIMOS
4- DE 2 A 3 SALARIOS MINIMOS
5- DE 3 A 5 SALARIOS MINIMOS
6- DE 5 A 10 SALARIOS MINIMOS
7- MAIS DE 10 SALARIOS MINIMOS
8- SEM RENDIMENTO
9- SEM DECLARAÇÃO","{1: 'ATE 1/2 SALARIO MINIMO', 2: 'DE 1/2 A 1 SALARIO MINIMO', 3: 'DE 1 A 2 SALARIOS MINIMOS', 4: 'DE 2 A 3 SALARIOS MINIMOS', 5: 'DE 3 A 5 SALARIOS MINIMOS', 6: 'DE 5 A 10 SALARIOS MINIMOS', 7: 'MAIS DE 10 SALARIOS MINIMOS', 8: 'SEM RENDIMENTO', 9: 'SEM DECLARAÇÃO', '': 'MENOR DE 10 ANOS NÃO RESIDENTE'}"
V2519,"RENDIMENTO MENSAL DE TODAS AS OCUPAÇÕES
 - MENOR DE 10 ANOS NÃO RESIDENTE
1- ATE 1/2 SALARIO MINIMO
2- DE 1/2 A 1 SALARIO MINIMO
3- DE 1 A 2 SALARIOS MINIMOS
4- DE 2 A 3 SALARIOS MINIMOS
5- DE 3 A 5 SALARIOS MINIMOS
6- DE 5 A 10 SALARIOS MINIMOS
7- MAIS DE 10 SALARIOS MINIMOS
8- SEM RENDIMENTO
9- SEM DECLARAÇÃO",178,1,N,10.0,RENDIMENTO MENSAL DE TODAS AS OCUPAÇÕES," - MENOR DE 10 ANOS NÃO RESIDENTE
1- ATE 1/2 SALARIO MINIMO
2- DE 1/2 A 1 SALARIO MINIMO
3- DE 1 A 2 SALARIOS MINIMOS
4- DE 2 A 3 SALARIOS MINIMOS
5- DE 3 A 5 SALARIOS MINIMOS
6- DE 5 A 10 SALARIOS MINIMOS
7- MAIS DE 10 SALARIOS MINIMOS
8- SEM RENDIMENTO
9- SEM DECLARAÇÃO","{1: 'ATE 1/2 SALARIO MINIMO', 2: 'DE 1/2 A 1 SALARIO MINIMO', 3: 'DE 1 A 2 SALARIOS MINIMOS', 4: 'DE 2 A 3 SALARIOS MINIMOS', 5: 'DE 3 A 5 SALARIOS MINIMOS', 6: 'DE 5 A 10 SALARIOS MINIMOS', 7: 'MAIS DE 10 SALARIOS MINIMOS', 8: 'SEM RENDIMENTO', 9: 'SEM DECLARAÇÃO', '': 'MENOR DE 10 ANOS NÃO RESIDENTE'}"
V2520,"RENDIMENTO MENSAL DA PESSOA
  - MENOR DE 10 ANOS NÃO RESIDENTE
 1- ATE 1/2 SALARIO MINIMO
 2- DE 1/2 A 1 SALARIO MINIMO
 3- DE 1 A 2 SALARIOS MINIMOS
 4- DE 2 A 3 SALARIOS MINIMOS
 5- DE 3 A 5 SALARIOS MINIMOS
 6- DE 5 A 10 SALARIOS MINIMOS
 7- DE 10 A 20 SALARIOS MINIMOS
 8 - MAIS DE 20 SALARIOS MINIMOS
 9 - SEM RENDIMENTO
10 - SEM DECLARAÇÃO",179,2,N,11.0,RENDIMENTO MENSAL DA PESSOA,"  - MENOR DE 10 ANOS NÃO RESIDENTE
 1- ATE 1/2 SALARIO MINIMO
 2- DE 1/2 A 1 SALARIO MINIMO
 3- DE 1 A 2 SALARIOS MINIMOS
 4- DE 2 A 3 SALARIOS MINIMOS
 5- DE 3 A 5 SALARIOS MINIMOS
 6- DE 5 A 10 SALARIOS MINIMOS
 7- DE 10 A 20 SALARIOS MINIMOS
 8 - MAIS DE 20 SALARIOS MINIMOS
 9 - SEM RENDIMENTO
10 - SEM DECLARAÇÃO","{1: 'ATE 1/2 SALARIO MINIMO', 2: 'DE 1/2 A 1 SALARIO MINIMO', 3: 'DE 1 A 2 SALARIOS MINIMOS', 4: 'DE 2 A 3 SALARIOS MINIMOS', 5: 'DE 3 A 5 SALARIOS MINIMOS', 6: 'DE 5 A 10 SALARIOS MINIMOS', 7: 'DE 10 A 20 SALARIOS MINIMOS', 8: 'MAIS DE 20 SALARIOS MINIMOS', 9: 'SEM RENDIMENTO', 10: 'SEM DECLARAÇÃO', '': 'MENOR DE 10 ANOS NÃO RESIDENTE'}"
V2522,RENDIMENTO MENSAL FAMILIAR,181,9,N,,RENDIMENTO MENSAL FAMILIAR,,
V2523,"RENDIMENTO MENSAL FAMILIAR
 - NÃO APLICAVEL
1- ATE 1 SALARIO MINIMO
2- DE 1 A 2 SALARIOS MINIMOS
3- DE 2 A 5 SALARIOS MINIMOS
4- DE 5 A 10 SALARIOS MINIMOS
5- DE 10 A 20 SALARIOS MINIMOS
6- MAIS DE 20 SALARIOS MINIMOS
7- SEM RENDIMENTO
8- SEM DECLARAÇÃO",190,1,N,9.0,RENDIMENTO MENSAL FAMILIAR," - NÃO APLICAVEL
1- ATE 1 SALARIO MINIMO
2- DE 1 A 2 SALARIOS MINIMOS
3- DE 2 A 5 SALARIOS MINIMOS
4- DE 5 A 10 SALARIOS MINIMOS
5- DE 10 A 20 SALARIOS MINIMOS
6- MAIS DE 20 SALARIOS MINIMOS
7- SEM RENDIMENTO
8- SEM DECLARAÇÃO","{1: 'ATE 1 SALARIO MINIMO', 2: 'DE 1 A 2 SALARIOS MINIMOS', 3: 'DE 2 A 5 SALARIOS MINIMOS', 4: 'DE 5 A 10 SALARIOS MINIMOS', 5: 'DE 10 A 20 SALARIOS MINIMOS', 6: 'MAIS DE 20 SALARIOS MINIMOS', 7: 'SEM RENDIMENTO', 8: 'SEM DECLARAÇÃO', '': 'NÃO APLICAVEL'}"
V2524,"RENDIMENTO MENSAL FAMILIAR PER-CAPITA
 - NÃO APLICAVEL
1- ATE 1 SALARIO MINIMO
2- DE 1 A 2 SALARIOS MINIMOS
3- DE 2 A 5 SALARIOS MINIMOS
4- DE 5 A 10 SALARIOS MINIMOS
5- DE 10 A 20 SALARIOS MINIMOS
6- MAIS DE 20 SALARIOS MINIMOS
7- SEM RENDIMENTO
8- SEM DECLARAÇÃO",191,1,N,9.0,RENDIMENTO MENSAL FAMILIAR PER-CAPITA," - NÃO APLICAVEL
1- ATE 1 SALARIO MINIMO
2- DE 1 A 2 SALARIOS MINIMOS
3- DE 2 A 5 SALARIOS MINIMOS
4- DE 5 A 10 SALARIOS MINIMOS
5- DE 10 A 20 SALARIOS MINIMOS
6- MAIS DE 20 SALARIOS MINIMOS
7- SEM RENDIMENTO
8- SEM DECLARAÇÃO","{1: 'ATE 1 SALARIO MINIMO', 2: 'DE 1 A 2 SALARIOS MINIMOS', 3: 'DE 2 A 5 SALARIOS MINIMOS', 4: 'DE 5 A 10 SALARIOS MINIMOS', 5: 'DE 10 A 20 SALARIOS MINIMOS', 6: 'MAIS DE 20 SALARIOS MINIMOS', 7: 'SEM RENDIMENTO', 8: 'SEM DECLARAÇÃO', '': 'NÃO APLICAVEL'}"
V2525,"NUMERO DE COMPONENTES NA FAMILIA COM PENSIONISTA E OU EMPREGADO
1- 1 PESSOA
2- 2 PESSOAS
3- 3 PESSOAS
4- 4 PESSOAS
5- 5 PESSOAS
6- 6 PESSOAS
7- 7 PESSOAS
8- 8 PESSOAS E MAIS",192,1,N,8.0,NUMERO DE COMPONENTES NA FAMILIA COM PENSIONISTA E OU EMPREGADO,"1- 1 PESSOA
2- 2 PESSOAS
3- 3 PESSOAS
4- 4 PESSOAS
5- 5 PESSOAS
6- 6 PESSOAS
7- 7 PESSOAS
8- 8 PESSOAS E MAIS","{1: '1 PESSOA', 2: '2 PESSOAS', 3: '3 PESSOAS', 4: '4 PESSOAS', 5: '5 PESSOAS', 6: '6 PESSOAS', 7: '7 PESSOAS', 8: '8 PESSOAS E MAIS'}"
V2526,"NUMERO DE COMPONENTES NA FAMILIA SEM PENSIONISTA E EMPREGADO
1- 1 PESSOA
2- 2 PESSOAS
3- 3 PESSOAS
4- 4 PESSOAS
5- 5 PESSOAS
6- 6 PESSOAS
7- 7 PESSOAS
8- 8 PESSOAS E MAIS",193,1,N,8.0,NUMERO DE COMPONENTES NA FAMILIA SEM PENSIONISTA E EMPREGADO,"1- 1 PESSOA
2- 2 PESSOAS
3- 3 PESSOAS
4- 4 PESSOAS
5- 5 PESSOAS
6- 6 PESSOAS
7- 7 PESSOAS
8- 8 PESSOAS E MAIS","{1: '1 PESSOA', 2: '2 PESSOAS', 3: '3 PESSOAS', 4: '4 PESSOAS', 5: '5 PESSOAS', 6: '6 PESSOAS', 7: '7 PESSOAS', 8: '8 PESSOAS E MAIS'}"
V2527,"NUMERO DE COMPONENTES POR NUMERO DE PESSOAS OCUPADAS NA FAMILIA
  - OUTROS CASOS
 1- 1 OU 2 COMPONENTES COM UMA OCUPAÇÃO
 2- 1 OU 2 COMPONENTES COM DUAS OCUPAÇÕES
 3- 3 COMPONENTES COM UMA OCUPAÇÃO
 4- 3 COMPONENTES COM DUAS OCUPAÇÕES
 5- 3 COMPONENTES COM TRÊS OCUPAÇÕES
 6- 4 COMPONENTES COM UMA OCUPAÇÃO
 7- 4 COMPONENTES COM DUAS OCUPAÇÕES
 8- 4 COMPONENTES COM TRÊS OU MAIS OCUPAÇÕES
 9- 5 OU 6 COMPONENTES COM UMA OCUPAÇÃO
10- 5 OU 6 COMPNENTES COM DUAS OCUPAÇÕES
11- 5 OU 6 COMPONENTES COM TRÊS OU MAIS OCUPAÇÕES
12- 7 OU MAIS COMPONENTES COM UMA OCUPAÇÃO
13- 7 OU MAIS COMPONENTES COM DUAS OCUPAÇÕES
14- 7 OU MAIS COMPONENTES COM TRÊS OU MAIS OCUPAÇÕES",194,2,N,15.0,NUMERO DE COMPONENTES POR NUMERO DE PESSOAS OCUPADAS NA FAMILIA,"  - OUTROS CASOS
 1- 1 OU 2 COMPONENTES COM UMA OCUPAÇÃO
 2- 1 OU 2 COMPONENTES COM DUAS OCUPAÇÕES
 3- 3 COMPONENTES COM UMA OCUPAÇÃO
 4- 3 COMPONENTES COM DUAS OCUPAÇÕES
 5- 3 COMPONENTES COM TRÊS OCUPAÇÕES
 6- 4 COMPONENTES COM UMA OCUPAÇÃO
 7- 4 COMPONENTES COM DUAS OCUPAÇÕES
 8- 4 COMPONENTES COM TRÊS OU MAIS OCUPAÇÕES
 9- 5 OU 6 COMPONENTES COM UMA OCUPAÇÃO
10- 5 OU 6 COMPNENTES COM DUAS OCUPAÇÕES
11- 5 OU 6 COMPONENTES COM TRÊS OU MAIS OCUPAÇÕES
12- 7 OU MAIS COMPONENTES COM UMA OCUPAÇÃO
13- 7 OU MAIS COMPONENTES COM DUAS OCUPAÇÕES
14- 7 OU MAIS COMPONENTES COM TRÊS OU MAIS OCUPAÇÕES","{1: '1 OU 2 COMPONENTES COM UMA OCUPAÇÃO', 2: '1 OU 2 COMPONENTES COM DUAS OCUPAÇÕES', 3: '3 COMPONENTES COM UMA OCUPAÇÃO', 4: '3 COMPONENTES COM DUAS OCUPAÇÕES', 5: '3 COMPONENTES COM TRÊS OCUPAÇÕES', 6: '4 COMPONENTES COM UMA OCUPAÇÃO', 7: '4 COMPONENTES COM DUAS OCUPAÇÕES', 8: '4 COMPONENTES COM TRÊS OU MAIS OCUPAÇÕES', 9: '5 OU 6 COMPONENTES COM UMA OCUPAÇÃO', 10: '5 OU 6 COMPNENTES COM DUAS OCUPAÇÕES', 11: '5 OU 6 COMPONENTES COM TRÊS OU MAIS OCUPAÇÕES', 12: '7 OU MAIS COMPONENTES COM UMA OCUPAÇÃO', 13: '7 OU MAIS COMPONENTES COM DUAS OCUPAÇÕES', 14: '7 OU MAIS COMPONENTES COM TRÊS OU MAIS OCUPAÇÕES', '': 'OUTROS CASOS'}"
V2528,"NUMERO DE COMPONENTES PELO NUMERO DE PESSOAS COM RENDIMENTO NA FAMILIA
  - OUTROS CASOS
 1- 1 OU 2 COMPONENTES COM UMA RENDA
 2- 1 OU 2 COMPONENTES COM DUAS RENDAS
 3- 3 COMPONENTES COM UMA RENDA
 4- 3 COMPONENTES COM DUAS RENDAS
 5- 3 COMPONENTES COM TRÊS RENDAS
 6- 4 COMPONENTES COM UMA RENDA
 7- 4 COMPONENTES COM DUAS RENDAS
 8- 4 COMPONENTES COM TRÊS OU MAIS RENDAS
 9- 5 OU 6 COMPONENTES COM UMA RENDA
10- 5 OU 6 COMPNENTES COM DUAS RENDAS
11- 5 OU 6 COMPONENTES COM TRÊS OU MAIS RENDAS
12- 7 OU MAIS COMPONENTES COM UMA RENDA
13- 7 OU MAIS COMPONENTES COM DUAS RENDAS
14- 7 OU MAIS COMPONENTES COM TRÊS OU MAIS RENDAS",196,2,N,15.0,NUMERO DE COMPONENTES PELO NUMERO DE PESSOAS COM RENDIMENTO NA FAMILIA,"  - OUTROS CASOS
 1- 1 OU 2 COMPONENTES COM UMA RENDA
 2- 1 OU 2 COMPONENTES COM DUAS RENDAS
 3- 3 COMPONENTES COM UMA RENDA
 4- 3 COMPONENTES COM DUAS RENDAS
 5- 3 COMPONENTES COM TRÊS RENDAS
 6- 4 COMPONENTES COM UMA RENDA
 7- 4 COMPONENTES COM DUAS RENDAS
 8- 4 COMPONENTES COM TRÊS OU MAIS RENDAS
 9- 5 OU 6 COMPONENTES COM UMA RENDA
10- 5 OU 6 COMPNENTES COM DUAS RENDAS
11- 5 OU 6 COMPONENTES COM TRÊS OU MAIS RENDAS
12- 7 OU MAIS COMPONENTES COM UMA RENDA
13- 7 OU MAIS COMPONENTES COM DUAS RENDAS
14- 7 OU MAIS COMPONENTES COM TRÊS OU MAIS RENDAS","{1: '1 OU 2 COMPONENTES COM UMA RENDA', 2: '1 OU 2 COMPONENTES COM DUAS RENDAS', 3: '3 COMPONENTES COM UMA RENDA', 4: '3 COMPONENTES COM DUAS RENDAS', 5: '3 COMPONENTES COM TRÊS RENDAS', 6: '4 COMPONENTES COM UMA RENDA', 7: '4 COMPONENTES COM DUAS RENDAS', 8: '4 COMPONENTES COM TRÊS OU MAIS RENDAS', 9: '5 OU 6 COMPONENTES COM UMA RENDA', 10: '5 OU 6 COMPNENTES COM DUAS RENDAS', 11: '5 OU 6 COMPONENTES COM TRÊS OU MAIS RENDAS', 12: '7 OU MAIS COMPONENTES COM UMA RENDA', 13: '7 OU MAIS COMPONENTES COM DUAS RENDAS', 14: '7 OU MAIS COMPONENTES COM TRÊS OU MAIS RENDAS', '': 'OUTROS CASOS'}"
V2997,NOVO PESO DO CHEFE,198,4,N,,NOVO PESO DO CHEFE,,
V2998,NOVO PESO DA FAMILIA,202,4,N,,NOVO PESO DA FAMILIA,,
V2999,NOVO PESO DA PESSOA,206,4,N,,NOVO PESO DA PESSOA,,
